Month,Baseball,Basketball,Football,Other,Parlay Cards,Total
2026-07-01,4832977.16,1294306.74,145067.83,3306340.58,3420157.3999999994,12998849.71
2026-06-01,6697447.49,3132877.34,98973.67,3129010.9400000004,3995419.1100000003,17053728.55
2026-05-01,4185843.6599999997,5465747.619999999,41572.83,3161030.4299999997,4443857.59,17298052.13
2026-04-01,4044151.5199999996,6223932.89,58926.13,3794747.45,4698582.07,18820340.060000002
2026-03-01,1037294.4999999999,13669681.93,37795.09,4465992.369999999,6510342.15,25721106.04
2026-02-01,127495.73999999999,8892906.040000001,3356399.24,3306028.46,5327244.41,21010073.89
2026-01-01,2610.12,9800696.38,15068835.98,4941459.34,6847704.450000001,36661306.27
2025-12-01,442.0,6610507.82,20326756.79,4293241.62,7559448.02,38790396.25
2025-11-01,244960.91,6511552.05,28015007.31,5897222.47,11152205.66,51820948.39999999
2025-10-01,1878361.1099999999,1874737.04,20096906.180000003,4884592.510000001,10517008.999999998,39251605.84
2025-09-01,4272380.78,898150.3799999999,19114076.220000003,5029635.18,9796095.069999998,39110337.63
2025-08-01,6040475.7,912883.3,5328422.180000001,3793436.88,5830551.619999999,21905769.68
2025-07-01,6362034.8100000005,1119742.23,108268.49,3496866.8200000003,3949641.13,15036553.48
2025-06-01,6264212.09,3234692.09,71081.88,3980814.67,4622387.68,18173188.41
2025-05-01,5421978.41,6779159.29,59893.15,4215291.59,6111514.83,22587837.27
2025-04-01,5185882.91,7702618.120000001,80908.24,4719472.049999999,7251564.9399999995,24940446.259999998
2025-03-01,981451.78,18800602.439999998,16177.45,5172443.08,9484618.43,34455293.18
2025-02-01,270995.17,13763152.5,5886050.94,4191128.9300000006,6432773.54,30544101.08
2025-01-01,2003.82,9401417.219999999,19116799.06,4742230.78,9261829.5,42524280.379999995
2024-12-01,,8208040.890000001,31543063.07,5198047.84,11488125.700000001,56437277.5
2024-11-01,12022.04,11742379.33,26795257.43,6443528.24,12894218.95,57887405.989999995
2024-10-01,3137441.65,2945927.88,24857764.37,6338164.3,11302030.71,48581328.91
2024-09-01,5333247.749999999,1092952.53,27999584.869999997,6204290.91,11137922.19,51767998.25
2024-08-01,8000497.47,710705.7,5272197.350000001,2694724.52,5956431.809999999,22634556.849999998
2024-07-01,6556889.05,835808.07,101132.44,2486991.33,3938533.12,13919354.010000002
2024-06-01,6173813.029999999,3900260.4899999998,82903.94,3671440.58,5544909.81,19373327.849999998
2024-05-01,7091181.100000001,8100646.85,70997.26000000001,5365843.17,6376994.47,27005662.849999998
2024-04-01,10475255.7,12929651.8,108441.97,4190316.86,6556266.229999999,34259932.559999995
2024-03-01,1947683.0,28400996.259999998,30514.309999999998,4888436.500000001,9268917.78,44536547.85
2024-02-01,165588.59999999998,15962637.76,4657158.12,3468546.49,7120471.0,31374401.97
2024-01-01,626.89,14883412.99,15894395.26,4610178.31,9243361.74,44631975.190000005
2023-12-01,396.0,13076462.85,19966574.48,4698927.67,11145728.110000001,48888089.11
2023-11-01,238030.91,13238194.559999999,29942130.06,6339416.83,12654962.3,62412734.66
2023-10-01,2422211.3899999997,2276307.4,27216546.0,6076613.43,11512000.639999999,49503678.86
2023-09-01,5496966.779999999,593333.96,28701938.77,5123344.449999999,11732330.76,51647914.71999999
2023-08-01,10304822.66,1134418.29,2174688.99,2809681.48,4968619.96,21392231.38
2023-07-01,9592147.75,1273565.65,100546.03,2703974.58,4058504.49,17728738.5
2023-06-01,9303230.94,3854615.4,57642.590000000004,2771182.04,4428230.680000001,20414901.65
2023-05-01,7479450.22,10092740.129999999,133889.54,3522533.63,5533077.079999999,26761690.599999994
2023-04-01,7453682.94,13513602.07,73665.93000000001,5222729.279999999,5541323.659999999,31805003.88
2023-03-01,1025481.34,33077553.27,38598.3,5482414.27,7065344.47,46689391.64999999
2023-02-01,92190.32,23292882.72,6019758.4399999995,4747526.78,5655146.0,39807504.26
2023-01-01,1786.01,22868221.43,22840634.38,3532731.74,7979877.07,57223250.63
2022-12-01,295.0,28887731.14,33178548.700000003,3780731.02,8511626.9,74358932.76
2022-11-01,952211.6,23856018.490000002,34186700.63,4373429.23,10237000.759999998,73605360.71000001
2022-10-01,3270403.87,4827466.0,31792155.439999998,5223968.509999999,11085195.139999999,56199188.95999999
2022-09-01,5080777.59,845902.96,23936763.660000004,4337443.07,8938423.53,43139310.81
2022-08-01,11155210.96,686503.54,2236045.88,2571952.2299999995,4585184.96,21234897.57
2022-07-01,10088048.03,912572.77,100345.12,2956106.44,4239268.2,18296340.56
2022-06-01,11719993.25,4366086.550000001,57590.78,4270373.35,4682193.8,25096237.73
2022-05-01,8681928.040000001,9569899.4,856.0,5942059.319999999,5039043.45,29233786.21
2022-04-01,7644658.49,14871184.29,19446.3,6202747.97,6765548.120000001,35503585.17
2022-03-01,538712.41,31964480.53,14523.7,5915837.350000001,9089519.46,47523073.45
2022-02-01,3715.15,21245285.080000002,6087012.49,5419000.55,8116604.79,40871618.06
2022-01-01,2953.0,23903989.0,24085664.12,7543681.180000001,10987007.74,66523295.04000001
2021-12-01,,15438822.47,24915854.82,6079934.7700000005,10405131.239999998,56839743.3
2021-11-01,678287.34,15518236.620000001,25878442.43,7226117.850000001,11281056.52,60582140.760000005
2021-10-01,6745304.1899999995,5505989.82,45804759.519999996,11332748.9,14138212.31,83527014.74
2021-09-01,8707190.450000001,424921.31,29918247.409999996,6576474.49,9208919.74,54835753.400000006
2021-08-01,11641900.75,629460.01,2038105.28,5253597.95,1873884.43,21436948.419999998
2021-07-01,12088737.57,9143074.33,29941.56,5577767.669999999,3819905.17,30659426.299999997
2021-06-01,10706851.149999999,19504654.12,29790.37,8034293.43,4823590.75,43099179.82
2021-05-01,7372499.1,14960282.61,145418.74,7770358.05,5877337.069999999,36125895.57
2021-04-01,6949849.76,14220911.159999998,321859.87,6616454.45,4808761.14,32917836.38
2021-03-01,651272.4100000001,33419702.68,386446.99,8247556.45,7841907.33,50546885.86000001
2021-02-01,20325.75,28689425.720000003,7914477.639999999,5672222.78,5511121.96,47807573.85
2021-01-01,1244.05,27653512.1,24127462.88,7111499.7700000005,8813908.9,67707627.7
2020-12-01,,15115913.680000002,26962778.810000002,4996941.11,8223173.5600000005,55298807.160000004
2020-11-01,54233.18,2345741.95,39607903.31,5172223.02,7263268.78,54443370.24000001
2020-10-01,7985420.909999999,2319099.5300000003,38474829.980000004,5333397.7299999995,7079677.109999999,61192425.26
2020-09-01,6664446.399999999,11256732.35,22330244.12,5099172.07,6869693.57,52220288.510000005
2020-08-01,9988775.44,19976074.06,16926.43,4929659.850000001,5577699.05,40489134.83
2020-07-01,3392138.54,1057540.71,6892.0,2411532.11,1048562.1299999999,7916665.489999999
2020-06-01,308849.47,77303.69,1440.4,1039987.05,148278.22999999998,1575858.84
2020-05-01,15293.96,,667.0,220541.95,,236502.91
2020-03-01,165102.81,7981367.09,43700.69,1191441.72,1367790.33,10749402.64
2020-02-01,51992.72,21651633.93,6295542.89,3206464.42,3257187.7,34462821.660000004
2020-01-01,,19137297.32,20577542.95,1626960.5,3848570.58,45190371.349999994
2019-12-01,,13514108.18,28728181.020000003,1302382.13,5531761.4399999995,49076432.77
2019-11-01,1315.0,13138150.43,36130708.08,1503027.8199999998,5595834.37,56369035.699999996
2019-10-01,11483259.77,2132136.71,28036383.57,1567390.62,4800310.25,48019480.919999994
2019-09-01,4960880.45,155275.46,25692523.67,567743.07,6494566.8100000005,37870989.46
2019-08-01,9293771.57,383894.64,6021355.12,665821.75,3511526.71,19876369.790000003
2019-07-01,10160268.31,327386.25,71016.15,1063670.9000000001,1761041.0,13383382.610000001
2019-06-01,9202639.4,2528127.3899999997,52308.200000000004,1360513.71,2047077.76,15190666.459999999
2019-05-01,8217512.35,5750488.29,204.0,1188938.03,2281145.0999999996,17438287.77
2019-04-01,5386689.13,9238154.72,2475.0,1817538.9300000002,2743905.6,19188763.380000003
2019-03-01,714993.28,24971956.37,,2383500.33,4350814.28,32421264.260000005
2019-02-01,31262.88,16100598.68,4135680.3,1458734.79,3421857.8899999997,25148134.54
2019-01-01,,17022750.259999998,11657483.809999999,1192654.02,5317885.8,35190773.88999999
2018-12-01,,11364237.58,22063551.22,1759889.43,6574369.85,41762048.08
2018-11-01,,8036021.200000001,27806681.009999998,1399392.4100000001,7257788.71,44499883.330000006
