Month,total,Total
2026-04-01,-0.2453888008337507,-0.2453888008337507
2026-03-01,-0.2534933339377262,-0.2534933339377262
2026-02-01,-0.3121397210226885,-0.3121397210226885
2026-01-01,-0.1378735644109211,-0.1378735644109211
2025-12-01,-0.3126812991643688,-0.3126812991643688
2025-11-01,-0.1047975373269961,-0.1047975373269961
2025-10-01,-0.19204338949401525,-0.19204338949401525
2025-09-01,-0.24450743795178514,-0.24450743795178514
2025-08-01,-0.03219798712339277,-0.03219798712339277
2025-07-01,0.08026230737413372,0.08026230737413372
2025-06-01,-0.061948027168703554,-0.061948027168703554
2025-05-01,-0.16358885928993228,-0.16358885928993228
2025-04-01,-0.27202290266271323,-0.27202290266271323
2025-03-01,-0.22635914000236104,-0.22635914000236104
2025-02-01,-0.026464277814567717,-0.026464277814567717
2025-01-01,-0.04722387483474479,-0.04722387483474479
2024-12-01,0.1544177432055904,0.1544177432055904
2024-11-01,-0.07250649558382921,-0.07250649558382921
2024-10-01,-0.018631947589359484,-0.018631947589359484
2024-09-01,0.002325041207394582,0.002325041207394582
2024-08-01,0.05807367393947861,0.05807367393947861
2024-07-01,-0.21487058935411565,-0.21487058935411565
2024-06-01,-0.051020270283790324,-0.051020270283790324
2024-05-01,0.009116473755211862,0.009116473755211862
2024-04-01,0.07718686937635436,0.07718686937635436
2024-03-01,-0.04610991327834097,-0.04610991327834097
2024-02-01,-0.21184704860972361,-0.21184704860972361
2024-01-01,-0.22003775216151164,-0.22003775216151164
2023-12-01,-0.342539123473025,-0.342539123473025
2023-11-01,-0.15206264791090646,-0.15206264791090646
2023-10-01,-0.1191389097227997,-0.1191389097227997
2023-09-01,0.1972355086402456,0.1972355086402456
2023-08-01,0.007409209744542161,0.007409209744542161
2023-07-01,-0.031022709603520777,-0.031022709603520777
2023-06-01,-0.18653537356334254,-0.18653537356334254
2023-05-01,-0.08456296397058448,-0.08456296397058448
2023-04-01,-0.10417486775744689,-0.10417486775744689
2023-03-01,-0.025054095402953093,-0.025054095402953093
2023-02-01,-0.02603551927985511,-0.02603551927985511
2023-01-01,-0.1398013192883477,-0.1398013192883477
2022-12-01,0.30822077023701144,0.30822077023701144
2022-11-01,0.21496797218824454,0.21496797218824454
2022-10-01,-0.3271735002749123,-0.3271735002749123
2022-09-01,-0.21329956943748304,-0.21329956943748304
2022-08-01,-0.00942535504780589,-0.00942535504780589
2022-07-01,-0.40323930457889884,-0.40323930457889884
2022-06-01,-0.41770962150991575,-0.41770962150991575
2022-05-01,-0.19078030457806583,-0.19078030457806583
2022-04-01,0.07855160224233435,0.07855160224233435
2022-03-01,-0.05257837876226392,-0.05257837876226392
2022-02-01,-0.14508068976187963,-0.14508068976187963
2022-01-01,-0.017491864657370116,-0.017491864657370116
2021-12-01,0.027865630727648423,0.027865630727648423
2021-11-01,0.11275515260974402,0.11275515260974402
2021-10-01,0.3649894473883449,0.3649894473883449
2021-09-01,0.05008522481638814,0.05008522481638814
2021-08-01,-0.47055059314044617,-0.47055059314044617
2021-07-01,2.8727702135106887,2.8727702135106887
2021-06-01,26.34964498469926,26.34964498469926
2021-05-01,151.75032163452028,151.75032163452028
2021-04-01,,
2021-03-01,3.702297192953598,3.702297192953598
2021-02-01,0.3872216941971665,0.3872216941971665
2021-01-01,0.49827553253775153,0.49827553253775153
2020-12-01,0.12678945959991772,0.12678945959991772
2020-11-01,-0.03416175984007477,-0.03416175984007477
2020-10-01,0.2743250049276042,0.2743250049276042
2020-09-01,0.3788995020886892,0.3788995020886892
2020-08-01,1.0370487799221006,1.0370487799221006
2020-07-01,-0.40847050998267764,-0.40847050998267764
2020-06-01,-0.896261375750067,-0.896261375750067
2020-05-01,-0.9864377218039223,-0.9864377218039223
2020-03-01,-0.6684459139595563,-0.6684459139595563
2020-02-01,0.37039276631768797,0.37039276631768797
2020-01-01,0.2841539515799492,0.2841539515799492
2019-12-01,0.17514430029840639,0.17514430029840639
2019-11-01,0.26672322446289,0.26672322446289
2019-10-01,,
2019-09-01,,
2019-08-01,,
2019-07-01,,
2019-06-01,,
2019-05-01,,
2019-04-01,,
2019-03-01,,
2019-02-01,,
2019-01-01,,
2018-12-01,,
2018-11-01,,
