Month,Bally Bet,Bet365,BetFred,BetMGM,Betway,Caesars,DraftKings,ESPN Bet,FanDuel,Fanatics,Others,Rush Street Interactive,Seminole Hard Rock,SuperBook,Total
2025-12-01,-0.10840738615523199,-0.02044270844651771,,-0.0675546700839154,,-0.07830280594997725,-0.024242787972982602,-0.08774381617840117,-0.061411295359844374,0.42822299469077857,0.5084052552418902,-0.1455047744125333,0.11756087098951895,,-0.009267120455824574
2025-11-01,-0.2607175709049204,0.1848478480164141,,0.11137601310163919,,-0.05314639532715724,0.14324951788513474,0.20735629351279639,0.07689119925252579,0.204544066590487,0.30904924084139485,0.1509240089928676,0.25646802167065164,,0.12569269626585017
2025-10-01,0.05379194610110698,0.12996077685059018,,0.15258893442534002,,0.12487454916616121,0.2630439640111829,0.11377788866750413,0.267503774952773,0.4825395678929148,0.2111763951607555,0.3624901936251029,0.9150042696867048,,0.25904346659430266
2025-09-01,-0.14037163498844324,0.11527601302725184,,0.12104113244505309,,0.06817841737948914,0.11008261465765155,0.014843003554148216,0.10840024508615186,0.4627920982597598,0.011981314919493382,0.07321977461818326,0.3175116270265178,,0.12047436536063376
2025-08-01,0.26706379087178067,-0.011138939135621475,,0.11111908724019968,,0.1048514514995774,0.2195451279216174,0.1161723107315114,0.2520430965020798,0.5453749001484093,0.1605524990592004,0.40338189115534073,0.6543986489069041,,0.20968379543817064
2025-07-01,0.4635634561847113,-0.0014779933304587725,,0.29683478764215154,,-0.3290841479068899,0.0071090892555216965,-0.04181246386013282,0.25742761619334575,0.4871792505521873,0.1551664954526295,0.16322362901670145,0.896698994694519,,0.11650310134732687
2025-06-01,0.5137898514054378,0.10982087807343974,,0.388055882454673,,-0.2868084554051299,-0.042566145180867564,-0.09190322067438783,0.23310915985758024,0.6590774857372386,0.013987325407570824,0.32865689560767686,0.5341688127062993,,0.10679015163575323
2025-05-01,1.1816570878239263,0.5282948685516745,,0.15980683488545852,,-0.13411645301739072,0.1031971348288484,-0.10030825616728352,0.25670321848371036,1.1739839201020021,0.03346498048918035,0.026883858949976098,0.9357797450994164,,0.2120131064436004
2025-04-01,1.190767246376569,0.578308707692394,,0.1913710103683365,,0.10773949904471779,0.14660518948136322,-0.3291954964839687,0.19749849409541334,1.1135999853344136,0.009568532279016911,0.23713439683524304,0.22739100028209847,,0.1992008660262085
2025-03-01,2.3007700263201087,0.5708977368853952,,0.4295909958270656,,-0.05451893803910497,0.2153047679734161,-0.13857698459126175,0.2280845621490274,1.093731616926876,-0.32787771740534954,0.2289881456295756,0.20888897828058506,,0.22752713053869714
2025-02-01,0.614228793199039,0.56296561450391,,0.39107873096679935,,0.04755001205157309,0.11667177644405746,-0.2534815073463246,0.11303417667243527,1.041362376855179,-0.42386297403872136,0.25171317882665806,0.18693549687883196,,0.13387879610775472
2025-01-01,0.14332382857329795,0.6581067547158139,,0.44535080676196726,,-0.044025879604540956,0.2661993788297482,-0.4143212773316694,0.26750233224702097,1.3620120011692107,-0.17000686478464333,0.3281314304045647,0.9639257310120564,,0.24720141206748947
2024-12-01,0.9670912906829834,0.6290442785230134,,0.6107064483431821,,-0.12787868484859202,0.1805729081160189,-0.573512625749103,0.16448550857697933,0.7776521111218393,-0.14330596811686114,0.267266311774664,1.4038439157542377,,0.16005146561985042
2024-11-01,1.0558249831711217,0.6888692823248257,,0.4204727714204195,,-0.08357223538492103,0.19606434654424712,-0.5445568505847872,0.19622060799349708,0.8093861130157768,-0.08324641145094207,0.007923605857813081,1.5603088250479784,,0.1850867141257454
2024-10-01,2.6327710766003447,0.58160119015647,,0.28269119933612474,,-0.17053311128308835,0.15152122432762963,0.4331843021118822,0.18745085452538168,0.44869210785246444,0.10587217844708226,-0.07611624074703774,0.9490584210920728,,0.20792045253342797
2024-09-01,5.9073763764727385,0.6249021746139806,,0.18051577469255395,,-0.05703814954302852,0.18118112377139495,0.43253924654213677,0.32689599151428894,0.24812799207270034,0.03181251166193188,0.18049446930938035,0.5624200023384479,,0.2499972172269545
2024-08-01,255.52117525536553,1.1538940328403162,-0.9842882691324227,0.43727996325806373,,0.10968196920860428,0.3361935972117373,0.574768247064839,0.4281122216206576,1.3110205325870858,0.20280945286065036,0.5270373933299035,0.38543853540485373,,0.44643089255553875
2024-07-01,,1.2065371854025009,-0.7974968295962054,0.1905132492982175,-0.44180522117503773,0.46173974536292983,0.37917803512867454,0.7297807439391479,0.30466433738514775,2.3941018948063806,0.19226149859378275,0.7037545023275594,0.31543961258832065,-0.48342670503421203,0.43994574405136544
2024-06-01,,0.9578175368548668,-0.6842004199418092,0.19423304637578268,-0.10420355479869323,0.3594134069125635,0.546381973485009,0.37693621321654436,0.32370925692043895,3.082193103936138,0.20064557757677737,0.43533678571905654,0.26219925346619366,-0.16123392914596882,0.4624891818389264
2024-05-01,,0.4024037478113438,-0.7286673528123524,0.38238916625661584,-0.3386973157574814,0.21212291454391494,0.4899551339817333,0.39971301841554197,0.2598993504386501,3.196531472844853,0.04798912647166179,0.590296497740371,0.16746652960366418,-0.2930628621006296,0.3704297930193828
2024-04-01,,0.32430467281840925,-0.7660706161517944,0.1798185045535296,-0.42549317147192717,0.04621391440334695,0.3441141617853271,0.5250199227027263,0.22656854338604754,5.0174048308556145,0.1295679246701146,0.07575939819814125,0.202803467350888,-0.6722838712318393,0.29296850275438746
2024-03-01,,0.051196995612125706,-0.7164179512602753,-0.011424078259047099,-0.2112406184137385,0.09754592952026535,0.14102084189041741,0.16711330590943066,0.026704669748180452,3.1864940229357748,0.1653534647570708,0.20251802290921722,-0.09645085886678494,-0.6899426811390249,0.09600356896384028
2024-02-01,,0.44067472327656093,-0.755204097632363,-0.08771164414987946,-0.09537147236112062,-0.011309318695282922,0.03728971261480968,0.4546309343014995,-0.046193682278145326,1.9375926041663492,0.29576477726798805,-0.04860990582575161,-0.11639342005495254,-0.7003527116130337,0.04997248439417932
2024-01-01,,0.2956756533836239,-0.8020447307318099,-0.3880008407066039,0.6783303487089423,0.0691308654044155,-0.2608669027087666,0.3037362430296612,-0.4277358608638925,1.1725723475638774,0.22306193153246293,0.7417102531307732,-0.503765628201972,-0.6317976347883792,-0.2719740462927368
2023-12-01,,,,,,,,,,,,,,,
2023-11-01,,,,,,,,,,,,,,,
2023-10-01,,,,,,,,,,,,,,,
2023-09-01,,,,,,,,,,,,,,,
2023-08-01,,,,,,,,,,,,,,,
2023-07-01,,,,,,,,,,,,,,,
2023-06-01,,,,,,,,,,,,,,,
2023-05-01,,,,,,,,,,,,,,,
2023-04-01,,,,,,,,,,,,,,,
2023-03-01,,,,,,,,,,,,,,,
2023-02-01,,,,,,,,,,,,,,,
2023-01-01,,,,,,,,,,,,,,,
