Month,Bally Bet,Bet365,BetFred,BetMGM,Betway,Caesars,Desert Diamond,DraftKings,ESPN Bet,FanDuel,Fanatics,Fubo.TV,Golden Nugget,Plannatech,Rush Street Interactive,Sahara Bets,Seminole Hard Rock,Sporttrade,SuperBook,TwinSpires,Unibet,WynnBet,Total
2026-02-01,-0.04189391925513704,-0.16850294777115246,,0.1625327543141886,,-0.017959485264344856,-0.11535741067059409,0.04314012147774517,-0.3423753731873602,-0.10708142747554303,0.7656852861097305,,0.31008162490082053,4.895038313850619,-0.08859490570925291,,0.15694655223503842,-0.6267997516951901,,,,,0.032733431045379534
2026-01-01,-0.004614399916463386,0.15177072810622527,,0.06863615250306185,,0.010910042533096473,-0.3030628301291741,-0.0061356041052881135,-0.4832170280322457,-0.10247030321436952,0.7963349060937582,,-0.15420690157865782,132.9139423949564,-0.18733272938689693,,0.4897786553373891,-0.43442071907742463,,,,,0.019517552137321485
2025-12-01,0.029549680402557277,0.13061725587671405,,-0.11256684677328727,,0.02503607835998203,-0.17370479278812426,-0.11051617937438053,-0.20913852504527827,-0.0850817057336743,0.9028008188990779,,-0.7258571489069515,,-0.03539171930232139,,-0.10245898932867177,0.04550221175636269,,,,,-0.03204386050895945
2025-11-01,-0.1540120384683782,0.17209496206354252,,-0.07756676530626506,,0.0858028718816022,-0.13254102677526275,0.04822381898126239,-0.24050201341813332,0.08689197586208626,0.996564527114774,,-0.7109775631652842,,-0.09680813928500752,,-0.3344541016821482,-0.5554736474591478,,,,,0.07530670516611765
2025-10-01,-0.27391838366495613,0.4603074647464097,,0.03358203819550706,,0.09764073183130009,0.3871122862938802,0.13730164130975286,0.3388468629382435,0.25617265403217476,1.1737214507792217,,-0.7881900882915758,,-0.06222650230586659,,-0.19907724367798374,-0.5398344907345809,,,,,0.2223051841991871
2025-09-01,-0.3862628957868803,1.0971407775579578,,0.1352171517732091,,0.15047877275520696,0.12324665943793903,0.027848229017138227,0.2701752236456957,0.09915201672315321,1.0943206493199682,,-0.5935695886995397,,0.13257395570467942,,-0.0698858999842752,0.4064007680313123,,,,,0.16286322725900346
2025-08-01,-0.16713376435210017,2.0267724999656855,,0.1774765945254639,,0.09047784096820562,-0.5749681373251553,0.04680535526094621,0.2592417810437605,0.10138411623574041,1.4116927965657566,,-0.38111005733075615,,-0.075022260023202,,0.5015799416831388,,,,,,0.22968163215996898
2025-07-01,0.6640705660212931,0.6003598121964078,,0.20588727141533514,,-0.004074313333119583,-0.21828852032377163,-0.14673044509435582,0.25783233620831336,0.21701426505460197,1.2366369336866556,,-0.38781537997931576,,-0.16433025891930864,,1.0910504106309789,,,,,,0.13055424581956887
2025-06-01,0.2836772151295997,0.6895523135861307,,0.048395701713093625,,0.03234935987736431,-0.24151082740888058,0.019348577474976585,1.2323238490372146,0.17841435979586873,1.6513075462609927,,-0.13487672405626444,,-0.014291961290074782,,0.5330990445793115,,,,,,0.19580921020344438
2025-05-01,1.3024895253988662,0.7459869202635222,,0.32245729222209474,,0.09516704630179572,-0.27531448115263873,0.09094587917609862,-0.10721533004645192,0.15258690391460492,3.1014256213117237,,-0.6883965898557849,,0.11624534507538191,,0.6579786178610517,,,,,,0.24640462985480435
2025-04-01,3.732792987603841,0.4324022772198259,,0.12165049577370254,,0.03359105862694997,-0.2534884307331289,0.12839830069083544,-0.1523441587289633,-0.015097996041715576,3.04352613763251,,-0.8456987997957763,,0.25970596236904897,,0.4017619410595283,,,,,,0.13968403359072337
2025-03-01,2.4748362825911254,0.7135119621229121,,0.1618772839111523,,-0.043262391714551124,-0.21788020977509157,0.22003112118472917,-0.14753555404487986,-0.047718302197790705,,,-0.7873298680243103,,0.13594755883124338,,0.15764516264056486,,,,,,0.17113066453209444
2025-02-01,4.29148819835014,1.001172501434547,,0.07259830431631122,,-0.13358925401228092,-0.24827186788499875,0.0665768392639936,-0.3494160373482755,-0.05022678808069938,,,-0.7543105599488963,,0.3599975620526408,,0.24447030597761846,,,,,,0.1003946080228897
2025-01-01,1.7612014092404618,,,0.18157071818644577,,-0.05671052225268935,-0.02718361444732922,0.17392360988359962,-0.43721100904654536,0.10805248701166249,,,1.307648715069499,,0.09452643873809852,,0.7853615676056901,,-0.9982684995338728,,,,0.22704109860946345
2024-12-01,2.449957157065689,,,0.34844993552290193,,-0.17638900067762406,-0.3243432128515155,0.19232524030517448,-0.5668927480502955,0.15863938998924107,,,1.2029416058245481,,0.017699142265155555,,1.4474741946926215,,-0.9986567493598947,,,,0.22814078371853205
2024-11-01,3.019287851371845,,,0.20809210383545232,,-0.22621958328627662,-0.07217144402583323,0.2653701177779128,-0.2717958961910255,0.14950305202578404,,,0.6973259719862408,,0.0824812806812568,,2.7817024468467353,,-0.994318028727338,,,,0.26113065538934
2024-10-01,13.485849837259336,,,0.08902834860581213,,-0.2614019033528541,-0.6966854529470633,0.18283673673922712,0.39220078318097973,0.13504825405146859,,,-0.7456592848224192,,0.11933258103260193,,1.6067188889067767,,-0.9975036289305994,,,,0.2240568735343512
2024-09-01,15.165405527823568,,-0.5438880645139291,-0.043793467997469485,,-0.3074304757346219,-0.8153959073565638,0.21003163441735012,0.23018385555506088,0.2744155453593427,,,-0.2874401139415203,,-0.028124224994839166,,0.9067922369074707,,-0.9364628239560773,,,,0.20161603759152466
2024-08-01,,,-0.36068749498219677,0.12451418170496789,-0.9765597287932785,-0.15649969649114748,-0.7713872445216546,0.5209631977219903,0.06046464996686415,0.37801026334856164,,,-0.49443467420055176,,0.31439181244469616,,1.260322989565744,,-0.9856726196063124,,,,0.387028317429169
2024-07-01,,,-0.43646256848880627,0.09924313227117099,0.06003446928141482,-0.1818165109861605,-0.6976919995563526,0.44442111030947584,0.04414850328034063,0.10495174869022326,,,-0.4538742682244802,,0.8033370754570571,-0.7138840137274988,1.1429851325712297,,-0.4883564039578516,,,,0.27131322992002516
2024-06-01,5.924579885772906,,-0.1031053257443598,-0.07078935506418836,0.4363237188391201,-0.2921290884570642,-0.7187318464370467,0.39679229482005507,0.12470000212055728,0.02105966398704832,,,-0.5827133449417512,,0.5461601619952461,2.0504137656402577,0.09069792376359519,,-0.17463716044073332,,-0.9976951390640347,,0.15646046563849822
2024-05-01,8.968903327980344,,-0.533670774113617,-0.05168424665609644,3.5177141914035994,-0.23085470706282338,-0.6105484087766875,0.4600649468515834,0.5150477717598179,0.17675371312039945,,,-0.5940326091594003,,0.41641813294750823,2.5272667675151146,-0.08416385061770304,,-0.32571509149257866,,-0.7247968569830661,,0.25816580368773495
2024-04-01,2.972545624443013,,0.24868307427648975,0.049134013154154645,0.671782450368935,-0.21557492766906156,-0.6362106107734615,0.42765852324101633,0.7362201629776859,0.07838980901884128,,,-0.22899248874565817,,0.24604102414880383,0.9064799084538483,0.36646557831039916,,-0.5095360378587227,,-0.40274634889190447,,0.22462392859909874
2024-03-01,2.2326477608062056,,-0.29993379591465613,0.06566454409055496,0.5503319404575815,-0.09014716862142891,-0.7700392829813028,0.5251993849629049,0.36511006631796117,0.03739127718891664,,,2.1540578441579163,,0.07968619314978481,1.9781533311727282,1.061978667783608,,-0.47381731543968014,,-0.04852128954760803,,0.17651904235496638
2024-02-01,1.4019424053007816,,-0.3866928086631295,-0.10308543891444008,0.6656192089091943,-0.17034920003884532,-0.8784374634672393,0.2871057893787117,0.17411995784409998,0.05163897388504936,,,1.9226409876814199,,-0.20246398946570796,6.090014638406262,0.8564973293156846,,-0.6395829937163308,,0.2293048748855146,-0.9079608207211489,0.04498921279520564
2024-01-01,9.081165627328556,,-0.6901122329309092,-0.0685295508934537,0.5213723810071142,-0.14730104403816832,-0.7177359591120785,0.350408123896684,1.427337262695395,0.31293379723697773,,,-0.15669615163817108,,-0.05992301140693335,3.4217552080113514,0.40607389512491615,,-0.6582299565700346,,0.09682007900570083,-0.9158300994967994,0.19342318021517063
2023-12-01,9.608408843505737,,-0.379937730949548,-0.12409570613303288,0.858120119183872,-0.10838473856394477,0.35067611600134424,0.34467424428795856,1.6227399290024707,0.2854574842452255,,,-0.1033190323937348,,-0.13925183255869242,2.1807467638952036,0.032693849473058194,,-0.7121739172057947,-0.5691402461676359,0.618650748844924,-0.9233299990817094,0.21006226617997725
2023-11-01,9.129395704056343,,0.551198103495938,-0.02560213576666423,1.3546040288345382,0.07759448619535611,-0.43488846023149846,0.1573651005074302,0.9488135232579393,0.2776686792488963,,,1.9095167753163798,,-0.005699843433783027,1.041469334290473,-0.13732187888988598,,-0.7302618489900983,-0.3725131248581869,-0.17624871660932684,-0.8478955441929318,0.15535762777105636
2023-10-01,0.36450912462613155,,0.5261005669153584,-0.05093364675743917,1.6428157979399158,0.04369531022596814,1.7106714279975683,0.03115680192679226,-0.2089587478872971,0.12907090408447416,,,3.1146858975311367,,0.07026989392468237,2.5651693199930516,0.04234391474801673,,-0.7638414956953592,-0.11871996426373913,0.09411368201159125,-0.8535301853232585,0.046724258175134724
2023-09-01,0.242448998052486,,0.4610298879633601,0.1205810037498565,2.2767879816239467,0.20903846457491473,12.068350611937023,0.011121003782909283,-0.09073728167025304,0.23286788105263523,,,0.4291612172756578,,0.10577979113783138,1.595229285197804,-0.06276837554774628,,-0.6461219878504667,0.3031728370109354,-0.052932922088096274,-0.8773296889243641,0.13377478443305374
2023-08-01,-1.0,,0.10805430332485183,-0.124603935861619,4.908773303303946,0.0999020292083019,12.284181508255335,-0.10988704690998087,0.43106444172079955,0.07160155913703677,,,1.6963060920956943,,-0.1448007106302074,8.93503835949321,-0.3877321757938873,,-0.5841924525468399,-0.03651734230547374,0.02359050875558666,-0.8717667099622156,-0.0073321247049190925
2023-07-01,-1.0,,0.615835362581091,-0.18602901481303563,3.7247565898704926,0.18570564447358182,8.615429327756013,0.1348661391796195,-0.017751965111297827,0.2504291506598113,,,1.5188678214888156,,-0.3003307953959781,6.0618608780500995,0.32186969531410325,,-0.6190225709439532,0.39374438498496145,-0.4445685687536686,-0.5056422554440404,0.11160058497495212
2023-06-01,0.4313734903674495,,1.1411631506451714,-0.0575007324694331,4.053768337786358,0.20008483346603223,15.768949041160782,0.19954764821475424,0.20688698206923276,0.3893984961250404,,,-0.34291799454033545,,0.1200836933817241,4.7423440389404705,3.5198612687653625,,-0.688486014452248,-0.5810719251057241,-0.568884633036122,-0.46576612956362773,0.23233814738290529
2023-05-01,-0.19260760372232108,,0.9959113605681577,-0.19884980649082484,10.85414383096496,-0.04215052981983775,19.07481892687018,-0.07502649984815092,-0.1715486495169053,0.08135810971027398,,,-0.41046238502196886,,0.023445506817356205,3.265215863524708,6.122561592024424,,-0.443539019482789,-0.7091286964058194,-0.5489141228779603,-0.5534748093912816,-0.022398879033177315
2023-04-01,8.117494078879622,,0.7261700947055637,-0.27168815757194525,14.274604187424488,-0.19205052689810992,10.11276472935247,-0.04656821602673524,-0.26030688524154455,0.40825435574441166,,,3.2091938797549324,,-0.2034262007329734,5.994913502447977,5.4914758456512285,,-0.016236491955020062,-0.6475382232620781,-0.4088426453888692,-0.5461499375622967,0.04283113612498999
2023-03-01,,,0.13252732000404518,-0.3361611750271664,11.123272106591033,-0.40997445306428565,26.783517052053387,-0.26670700035217443,0.03333554190815749,0.37242817338168244,,,3.854464152502342,,0.09696190232635611,5.004648161183813,14.815075710979185,,0.1997133015147142,-0.8405209595433757,-0.18817685179584148,-0.42509618133464444,-0.06796466930976053
2023-02-01,2636.5840000000003,,76.7056162722822,-0.17806381630616527,60.421418855842475,-0.32232315371670706,412.80465867648087,0.22684822048195333,0.26346669159357294,0.5199768560790685,,,35.26781493974493,,0.24051411703158032,2.337826172755666,223.99007080014573,,0.4973916470961888,-0.7935869476538087,-0.15603927900071377,-0.4157849069743619,0.2376616305258569
2023-01-01,,,,-0.24014460122652154,,-0.18170566274099437,,-0.009579963092986244,-0.04699015168678932,0.28648852543025677,,,,,0.49021033764025035,2.4099962153279377,,,1.8916902397274344,-0.6707983883362441,0.1541606223103315,-0.5174751290373781,0.04697827171725312
2022-12-01,,,,-0.08290979357573137,,-0.14773906333161455,,0.17761894636678857,-0.01863972863374859,0.41462408385158217,,,,,0.5529623578291896,,,,22.651960285212734,-0.9495685284427005,-0.08098400417911789,-0.568277051456695,0.14479371033955585
2022-11-01,,,,0.01792664913582868,,-0.051995792437938934,,0.3469542320698414,0.12341589060506428,0.6663326788819023,,,,,1.6860832126710699,,,,,-0.817274439119866,0.3534017821153701,-0.5348513450855431,0.3199636303780675
2022-10-01,,,,0.045968426452080324,,-0.1831327086032288,,0.4175865010415496,-0.3333758686505248,0.6310996353877486,,,,,7.854116687441476,,,,,-0.9467605386850402,-0.41208373615713884,-0.5964464886072918,0.2704369608539354
2022-09-01,,,,0.3718847032619678,,0.09844489783408594,,1.2064701725810851,0.1229488565954549,1.4490522671475006,,,,,,,,,,-0.5643091786768594,0.4287435629583184,-0.51090325578573,0.845300351848861
2022-08-01,,,,,,,,,,,,,,,,,,,,,,,
2022-07-01,,,,,,,,,,,,,,,,,,,,,,,
2022-06-01,,,,,,,,,,,,,,,,,,,,,,,
2022-05-01,,,,,,,,,,,,,,,,,,,,,,,
2022-04-01,,,,,,,,,,,,,,,,,,,,,,,
2022-03-01,,,,,,,,,,,,,,,,,,,,,,,
2022-02-01,,,,,,,,,,,,,,,,,,,,,,,
2022-01-01,,,,,,,,,,,,,,,,,,,,,,,
2021-12-01,,,,,,,,,,,,,,,,,,,,,,,
2021-11-01,,,,,,,,,,,,,,,,,,,,,,,
2021-10-01,,,,,,,,,,,,,,,,,,,,,,,
2021-09-01,,,,,,,,,,,,,,,,,,,,,,,
