Month,BetMGM,Betway,Caesars,DraftKings,ESPN Bet,FanDuel,Fanatics,Others,Parx,Rush Street Interactive,Total
2026-05-01,5001576.0,1082142.37,19168088.37,189111510.35,106408324.6,201108993.57,647098.93,35004012.56,12020682.27,26017372.479999997,595569801.5
2026-04-01,5598950.25,796696.88,17963952.93,191547918.87,121059400.18,219790725.58,595199.15,39921728.739999995,15359334.39,28932722.95,641566629.92
2026-03-01,7847012.0,1142406.74,23688128.02,211806593.12,144689290.51,243576878.67,554388.13,46993157.47,15373557.379999999,35182196.57,730853608.61
2026-02-01,5376988.05,817272.48,20276521.56,180793841.44,114466490.64000002,192993177.21,339526.5,36397881.980000004,10762478.19,30238275.85,592462453.9000001
2026-01-01,8372163.25,1388478.16,23672064.92,235828663.61,138310057.6,276322585.27,535497.9,41458696.47,14675114.299999999,41860469.879999995,782423791.36
2025-12-01,6968773.75,1262290.42,22554961.35,245460900.52,142385707.88,283894709.2,593935.7,39897152.11,14609638.65,39808864.47,797436934.0500001
2025-11-01,8471875.5,1163697.0,30444731.24,299751115.14,166150101.87,372929174.65,677798.7,46222198.6,16974271.97,47766951.0,990551915.67
2025-10-01,8647771.5,1004102.73,27878973.52,300098427.91,164570416.01,357584957.5,633054.45,43888678.769999996,17532238.619999997,46669091.14,968507712.1500001
2025-09-01,9644153.5,939382.44,29380668.77,253580405.43,156054702.46,297555275.85,639094.7,42824437.07,17021697.94,42909528.58,850549346.7400001
2025-08-01,5201152.75,597693.42,18266162.08,147220313.57,101069188.25,171735757.12,441762.95,28428197.080000002,12304470.84,30182128.14,515446826.19999987
2025-07-01,5497502.25,293939.87,15401644.72,112309712.6,80409422.94,140946531.34,290291.25,23485585.76,10581244.78,23261481.0,412477356.51
2025-06-01,5061351.0,775091.75,15994896.4,131960265.12,104058891.19999999,163970966.76,247188.15,22433874.29,12249865.27,26884966.519999996,483637356.4599999
2025-05-01,6819823.0,1222458.44,23209114.33,168899416.44,120410598.44,252777920.19,465049.9,30227953.09,15270222.84,36055670.75,655358227.42
2025-04-01,6577667.75,828887.68,25824434.09,185602950.38,134244907.29,269836185.41,389660.55,35673555.150000006,15029604.51,37561363.61,711569216.4200001
2025-03-01,7388726.0,1115648.16,30525637.25,209157319.22,172228482.2,328567261.1,768738.7,37291577.82,15716652.6,40096918.19,842856961.24
2025-02-01,6498425.5,1026939.21,21845899.81,180657692.34,182922833.02,284520949.7,539970.45,32983199.07,13427458.0,32502848.97,756926216.07
2025-01-01,8180486.75,1529607.76,29064626.12,220979366.03,165035649.51,342311089.05,801139.8,38994588.09,18709163.69,47544140.97,873149857.7700001
2024-12-01,8145589.25,1309273.39,30815567.0,238486495.73,155046386.37,353310806.7,618322.5,39561891.29,17371840.07,48705436.45,893371608.7500001
2024-11-01,8715764.5,1486658.58,36284655.84,246173744.96,152340177.39,373601446.26,821001.9,41650737.03,21122679.21,53333304.0,935530169.67
2024-10-01,8198043.75,1376865.8,26675867.01,224956185.39,143651172.51999998,348632932.44,719684.05,35928094.089999996,20292305.34,47717843.57,858148993.96
2024-09-01,8873048.75,1380295.76,25063317.97,237227494.91,120859885.30000001,320466443.7,850259.55,34474304.93,19164705.57,42924228.21,811283984.6500001
2024-08-01,4549625.0,869754.76,19479839.05,124432284.67,79157086.74,176451506.24,396395.15,30987618.049999997,16960113.5,32004914.020000003,485289137.17999995
2024-07-01,6243717.73,760703.58,15990492.71,110365248.25,66069426.78,166370461.78,316722.4,8369838.2299999995,12522521.29,27664671.1,414673803.8500001
2024-06-01,7335210.62,998479.64,19098527.58,130368922.95,77026682.72999999,181067678.48,312653.95,2869346.8499999996,12107904.14,33349385.38,464534792.31999993
2024-05-01,8875683.83,1385209.88,21575707.48,164575068.41,89043833.86,244656109.45,732611.65,4723217.52,16072641.360000001,40272543.16,591912626.6
2024-04-01,9004166.92,1186096.1,26136322.1,168276670.18,101126006.67,272312468.87,484195.25,5414079.79,16668686.26,45452373.21,646061065.3500001
2024-03-01,9360155.61,1348188.1099999999,33433000.73,209222648.45,138511695.75,333189800.21,470130.55,8835307.69,16731903.3,49615501.29,800718331.6899998
2024-02-01,7267649.09,1643907.52,31585137.11,177255919.32,104876036.08,276010980.8,517592.0,7392983.41,14993812.27,40196794.71,661740812.3100001
2024-01-01,8909015.61,1682971.51,40012352.01,211984551.69,135138076.93,373007111.74,758294.7,10516823.64,20648765.419999998,55494539.45,858152502.6999999
2023-12-01,9583397.219999999,1877732.1300000001,40961871.23,235749518.51999998,147087065.70000002,394378355.94,827378.05,11631466.469999999,24574730.89,58898852.239999995,925570368.39
2023-11-01,11630676.82,1813731.99,47602200.71,253073536.68,134163242.69999999,384083609.59,834031.15,14397917.24,24524380.86,62006823.81,934130151.55
2023-10-01,12407247.3,2413787.87,39639094.97,258270690.54,98218610.08,328423199.62,726699.8,12573021.14,22132994.98,54197249.14,829002595.4399999
2023-09-01,9937752.7,2050045.2799999998,36237360.43,230483919.11,104443152.54,256391924.83,686595.5,11634050.06,22625784.41,51769126.94,726259711.8
2023-08-01,5180516.51,1246004.52,18868920.82,113569949.28,65304735.64,134663277.31,426937.6,6762760.93,14642758.95,32341436.64,393007298.2
2023-07-01,4332447.7,1034955.78,19399996.240000002,88925664.34,44307936.379999995,127637627.05,3598475.6999999997,5428409.91,16151564.33,27633186.03,338450263.46000004
2023-06-01,4778460.890000001,1199906.23,21172872.73,100800832.99000001,52915603.48,139594665.44,3652413.99,6378992.85,12837310.879999999,29840355.07,373171414.55
2023-05-01,5873225.27,1290763.45,26846893.15,133219211.92999999,66263098.02,194395538.08,4406645.390000001,7505481.800000001,15503314.97,40281187.8,495585359.8600001
2023-04-01,5979934.75,1757956.5,29522144.64,157750256.82,79159457.11,225617300.11,5358073.03,8921037.69,15172516.59,42914125.56,572152802.8
2023-03-01,8474043.15,4071164.89,40437540.95,187855891.68,105418040.55000001,280736701.03,6236077.21,10870173.209999999,16870782.09,62575391.489999995,723545806.25
2023-02-01,9133627.91,3659983.7600000002,29985332.720000003,157327408.28,87093674.3,235162454.39,5660171.34,10185578.64,14789444.429999998,46531752.89,599529428.66
2023-01-01,9977441.14,3664749.69,35632465.59,202526440.60999998,110662931.99,313035918.83,7943296.56,13595424.299999999,18525192.830000002,56725786.91,772289648.45
2022-12-01,8536861.64,2900218.34,31518970.729999997,191651369.46,127267127.87,290304854.64,8205157.930000001,15286137.23,20144029.59,59035145.800000004,754849873.23
2022-11-01,10111287.15,2677764.88,30784928.5,211621454.67,129786102.93,297268965.17,9012425.83,17151042.65,23795213.53,57021486.96,789230672.27
2022-10-01,16220400.24,2833350.17,26609893.22,231105438.76999998,122288733.44,292046074.53,10308595.77,15938213.379999999,24280488.38,55493544.54,797124732.4399999
2022-09-01,8155518.45,2117516.55,20058059.040000003,207520797.23,104607489.74000001,212950457.03,9296513.65,14191383.78,17431946.05,48912999.29000001,645242680.81
2022-08-01,5608395.05,1121939.84,2886885.56,91717403.12,70401897.88,132134265.88,5797773.71,9685064.63,10730013.7,32963332.61,363046971.98
2022-07-01,5648436.3,1031783.8200000001,2477516.1399999997,76743374.88,71983947.35,125911262.64,5181317.57,8456395.47,9829675.95,29244222.29,336507932.41
2022-06-01,7506948.7,1441493.29,2514082.01,88596440.63000001,76423028.69,158186899.49,5584053.54,9912264.46,11658019.52,31670991.48,393494221.81
2022-05-01,7341180.84,1687155.79,3666795.52,111532781.31,101106115.8,193397934.26,7718626.99,12804856.95,13410647.129999999,40684424.2,493350518.78999996
2022-04-01,8520447.6,1448312.37,4620466.779999999,120349420.67,120952248.14000002,228211811.56,9397948.49,15106074.04,15829964.379999999,48381046.91,572817740.94
2022-03-01,10664560.02,2523512.1100000003,6940938.55,166218624.99,152978669.97,269051131.47,11449181.430000002,17488306.12,20526757.759999998,57134895.989999995,714976578.4100001
2022-02-01,6838733.91,2146783.7,5712259.79,141468878.79999998,130563911.69999999,215047108.09,9595655.510000002,17105318.450000003,20631548.130000003,47953850.9,597064048.9799999
2022-01-01,7348301.62,2832400.4,7736790.64,197620411.47,161522342.95,276170209.68,16537957.34,24731185.86,34120371.41,65102815.74,793722787.11
2021-12-01,8503421.99,2071554.82,6832219.109999999,206413971.26000002,148656684.34,249754199.53,15988916.219999999,22788393.52,25414721.6,63964613.400000006,750388695.79
2021-11-01,9542873.51,2237206.2800000003,6436697.1899999995,217040640.81,153285556.57999998,241980325.94,17509801.89,23689704.38,26085647.3,63766143.35,761574597.2299999
2021-10-01,8067251.25,2698641.4299999997,7453212.98,204099136.48,141782658.34,275438319.94,20987386.52,24354477.16,28039117.7,63357752.31999999,776277954.1199999
2021-09-01,6657786.05,1824545.44,6122538.15,166600879.38,107202868.09,187553372.35,15953060.459999999,19807662.81,18775632.22,48262401.31,578760746.26
2021-08-01,4508006.92,1018353.5700000001,3101629.33,81326183.48,56720234.23,137356070.94,9030244.7,11927635.69,10552360.57,32979649.37,348520368.8
2021-07-01,5108382.74,958951.91,2454033.95,67206391.7,53494453.09,108483758.92,10435080.34,11587157.010000002,11864283.01,32823010.71,304415503.38
2021-06-01,5405338.08,1550092.81,4778126.91,87456003.14999999,70911176.65,164832204.21,13224189.1,13413260.79,16128951.219999999,42494034.32,420193377.23999995
2021-05-01,4954293.0,3166123.09,6250180.59,101351222.79,77426269.24000001,163461947.12,14747293.27,15260702.329999998,17458694.67,43388301.03,447465027.1300001
2021-04-01,5196341.5,3541201.1799999997,4831176.64,106896006.60000001,91571067.14,169851385.57,15809521.639999999,17922122.13,19474407.23,44317791.0,479411020.63
2021-03-01,5886049.75,2972441.27,4913269.68,118410129.61,102630760.39,205899776.97,18408376.6,20655984.099999998,25564199.93,54918192.370000005,560259180.6700001
2021-02-01,3569862.0,2380287.3200000003,3167651.0,113193193.26,101095711.32,179188144.93,18693893.82,16162985.61,24179067.63,47917023.45,509547820.34
2021-01-01,1000848.85,2070814.9,3364583.4800000004,145230750.39,105842800.27000001,223307286.59,27339865.97,18996519.91,28765215.25,59376141.21,615294826.82
2020-12-01,165833.65,214102.53999999998,2465805.9,131462172.78,84634730.63,209239948.22,28861696.45,12874685.37,28029420.3,50641669.260000005,548590065.1
2020-11-01,159503.1,164485.64,3328342.17,112546121.74,57806082.28,180056253.70000002,28902525.889999997,18032343.82,28529299.18,62385755.03,491910712.54999995
2020-10-01,,,3848985.0,123398249.97,63802150.77,184932294.57,29005321.169999998,22334247.56,29852181.669999998,68629092.96,525802523.66999996
2020-09-01,,,4166206.86,118790768.75,32335583.68,171184785.85,24983954.59,17941819.59,29371914.93,64012357.85,462787392.1
2020-08-01,,,3961332.2199999997,88248544.64,2095903.94,149187262.57,22717892.51,12584025.540000001,28779868.79,57410591.87,364985422.08000004
2020-07-01,,,899544.01,39595988.120000005,822461.13,69719808.59,12072510.13,4067932.0699999994,11260792.3,26343192.5,164782228.85000002
2020-06-01,,,176787.92,25066874.64,65373.13,32896629.9,8445723.95,1370570.75,5250668.81,15729932.540000001,89002561.64
2020-05-01,,,143991.41,21766738.79,,29642540.63,7777697.81,980338.6799999999,3816857.65,13381867.83,77510032.8
2020-04-01,,,28155.13,12591292.52,,19005852.03,3703923.09,189627.28,2158501.11,8338636.44,46015987.6
2020-03-01,,,1156558.43,29204181.03,571510.92,54541490.04,6919120.220000001,4748663.199999999,9885702.67,24302832.49,131330059.0
2020-02-01,,,2911390.73,73772972.64,2141897.37,140970568.71,14974947.45,12456299.08,25749773.46,56787932.79000001,329765782.23
2020-01-01,,,2997474.27,60234745.339999996,2597978.71,156080598.97,16109696.49,14148449.73,27926078.099999998,68286686.78,348381708.39
2019-12-01,,,3003961.68,37640121.28,3236536.85,158159297.63,17191654.84,16244282.709999999,33021381.82,74063152.1,342560388.90999997
2019-11-01,,,3042467.45,18065135.8,3769097.76,152988559.11,14363803.87,13007428.19,30473225.55,80758546.53,316468264.26
2019-10-01,,,2349761.59,773177.69,2958213.06,118042775.34,10387319.91,9232629.44,25949811.32,71492377.35,241186065.7
2019-09-01,,,2189454.0,,3286460.3,88546349.51,4901839.8100000005,5958403.12,21095922.740000002,68526192.03,194504621.51000002
2019-08-01,,,1879243.0,,2055786.35,37822688.45,,4137828.74,10988663.09,52153841.39,109038051.02000001
2019-07-01,,,1700923.0,,1772465.6,5048106.31,,2816528.2,7199506.77,40794429.53,59331959.41
2019-06-01,,,2251714.0,,2410357.07,2291020.0,,3514534.7800000003,5482840.62,30383777.560000002,46334244.03
2019-05-01,,,2589147.3,,3816053.77,2739475.0,,4131527.6500000004,6809662.4,15848348.64,35934214.76
2019-04-01,,,2718594.7,,3923498.5399999996,3050423.75,,4145699.23,6850304.9799999995,16080623.959999999,36769145.16
2019-03-01,,,3794013.7,,5337483.19,2047998.0,,4256353.35,7965932.1,21125794.46,44527574.8
2019-02-01,,,2951267.5,,3742819.8499999996,,,2601650.62,6965511.899999999,15239492.07,31500741.939999998
2019-01-01,,,615704.0,,4817150.850000001,,,858130.49,5382619.66,20338233.76,32011838.76
2018-12-01,,,,,5051730.37,,,,,11121359.87,16173090.239999998
2018-11-01,,,,,1414586.55,,,,,,1414586.55
