Month,CT Lottery,DraftKings,FanDuel,Total
2026-05-01,0.26891512813319907,0.08916016853794131,-0.1373808881725587,0.028832145757475988
2026-04-01,0.2883996483588396,0.009519131773108177,-0.15024244867286127,-0.008782058904767786
2026-03-01,0.34601187970598346,0.03993529680710078,-0.06575438598352899,0.05183764104605223
2026-02-01,0.38617021926348166,0.1835598514689313,-0.061276083432400305,0.11685994112612595
2026-01-01,0.5343875060726664,0.06209137339914792,-0.12446264009812405,0.05066640013304633
2025-12-01,0.34781506728609135,0.0034787262006962783,-0.16398731331779748,-0.022804513697073796
2025-11-01,0.7311771091791738,0.11072093846189052,0.1429838328350694,0.2060380934035374
2025-10-01,0.5108829482841668,0.05566966009712966,0.07720381110555226,0.13429968787064311
2025-09-01,0.37778915606226615,-0.019687294912995135,0.07439327894877726,0.08146828221056833
2025-08-01,1.0011398293808507,0.041062760994093325,-0.013597755972629582,0.14978937467931766
2025-07-01,0.7745758585806602,-0.14876887754720258,-0.03753875908525194,0.013571606833635678
2025-06-01,0.9355079980839403,-0.24870723438918385,-0.052656771721350366,-0.04964887678622245
2025-05-01,0.9091610033695738,-0.048048688942051464,0.09092238239315949,0.12939163150469254
2025-04-01,1.2798970567707249,0.01801070482858232,0.07395893414209216,0.16502824702223826
2025-03-01,1.329694224885231,0.006002009829216088,-0.02889536320572458,0.10770356182255643
2025-02-01,1.4540985588158502,-0.01651573094063167,-0.12864017089915444,0.043423295798696485
2025-01-01,1.7226395823921543,0.002583902006369455,0.038988550841421464,0.13299061712036767
2024-12-01,1.749266597988118,-0.01751891634703374,0.09835421792977644,0.14837698442349775
2024-11-01,1.2275562204343138,0.020849304476648935,0.08756668546942595,0.13200510491341685
2024-10-01,1.4981023407601783,0.04086132176588979,0.23248257956210214,0.23225956337761172
2024-09-01,1.1356197670412327,0.14812310569422302,0.07168483544576974,0.20355151678728822
2024-08-01,0.6701681277954266,0.43504473442814373,0.4084561109257859,0.4514053772833047
2024-07-01,0.56513427266883,0.3206710423678364,0.35074645181384334,0.35999567428502094
2024-06-01,0.6527621586104687,0.9873587572215642,0.43642379725406577,0.6843382760311137
2024-05-01,0.9343521376799303,0.5498493376136261,0.43059101200212824,0.530049432808712
2024-04-01,0.2512031563245315,0.28169073440415954,0.2476039234581115,0.2622888869251701
2024-03-01,0.030187559869796685,0.08164361997162307,0.35912088739175013,0.19759150680201973
2024-02-01,-0.0702509974060587,0.09950744738356482,0.3928460837703898,0.21265656087873336
2024-01-01,-0.22836369276717344,0.16063796912134196,0.43493806677204216,0.23816470024273154
2023-12-01,-0.05450798558217533,0.3580393174440855,0.43028748752720525,0.3544197788501814
2023-11-01,-0.21955016075665298,0.29537127068601193,0.3085674126422789,0.2468645659802586
2023-10-01,-0.025354046999717737,0.20283070982565443,0.14068693746263675,0.1556154472107515
2023-09-01,0.6262229900076556,0.35585684314762117,0.40805556562515977,0.4000324395802127
2023-08-01,0.1938409406373727,0.261986360213638,0.07215481300446838,0.16282140456057184
2023-07-01,-0.06907089332478915,0.22135870139494473,0.20108811915746777,0.17318547800278797
2023-06-01,-0.05570937483344881,-0.15853360160859958,0.06082489000408825,-0.05235353245878635
2023-05-01,-0.0050957792964866876,-0.13747466774860412,0.01995704618575178,-0.05634808101808637
2023-04-01,-0.12295413358808124,0.012230271822857169,0.2093969118266978,0.08137983421257111
2023-03-01,0.11094040452884972,0.1191162062489747,0.16681157971194155,0.13859066009840926
2023-02-01,0.05645616361099843,0.18022786957700979,0.20992753939515463,0.17875586592570655
2023-01-01,0.19681012232401565,-0.01733398604076222,0.08541845011946549,0.04487983109394833
2022-12-01,0.17092457121737095,-0.01591829993774037,0.08381603638047729,0.042881995071700665
2022-11-01,0.9159268106267873,0.1494138763983103,0.17173920928606998,0.21093534292882676
2022-10-01,3.213340927068112,2.086958656303573,1.4464418837579895,1.8339037932016833
2022-09-01,,,,
2022-08-01,,,,
2022-07-01,,,,
2022-06-01,,,,
2022-05-01,,,,
2022-04-01,,,,
2022-03-01,,,,
2022-02-01,,,,
2022-01-01,,,,
2021-12-01,,,,
2021-11-01,,,,
2021-10-01,,,,
