Month,Bally's Dover,Delaware Park,Harrington,Retailers,Total
2026-03-01,74350.0,461448.0,180438.0,142614.0,858850.0
2026-02-01,74819.0,412740.0,142589.0,46177.0,676325.0
2026-01-01,119211.0,570430.0,186977.0,347483.0,1224101.0
2025-12-01,131678.0,660117.0,258752.0,844313.0,1894860.0
2025-11-01,170320.0,958048.0,324318.0,1053834.0,2506520.0
2025-10-01,95776.0,527273.0,222743.0,612076.0,1457868.0
2025-09-01,119123.0,383874.0,87951.0,785692.0,1376640.0
2025-08-01,24277.0,345216.0,113699.0,32370.0,515562.0
2025-07-01,73303.0,334418.0,117920.0,78294.0,603935.0
2025-06-01,86356.0,454746.0,134420.0,73922.0,749444.0
2025-05-01,61058.0,383792.0,107584.0,40948.0,593382.0
2025-04-01,71197.0,383309.0,125770.0,54048.0,634324.0
2025-03-01,58525.0,284201.0,78144.0,64149.0,485019.0
2025-02-01,26545.0,221185.0,83532.0,27817.0,359079.0
2025-01-01,83999.0,484796.0,193767.0,181726.0,944288.0
2024-12-01,2014.0,229068.0,36930.0,438843.0,706855.0
2024-11-01,83770.0,611414.0,210220.0,780799.0,1686203.0
2024-10-01,56666.0,342634.0,101933.0,373320.0,874553.0
2024-09-01,131777.0,611776.0,191604.0,987058.0,1922215.0
2024-08-01,41793.0,206849.0,85371.0,30696.0,364709.0
2024-07-01,59218.0,317637.0,114615.0,82479.0,573949.0
2024-06-01,31631.0,268746.0,70604.0,53017.0,423998.0
2024-05-01,37993.0,366626.0,106311.0,29971.0,540901.0
2024-04-01,38558.0,311081.0,114792.0,77558.0,541989.0
2024-03-01,56847.0,340730.0,88292.0,52523.0,538392.0
2024-02-01,41493.0,236501.0,66995.0,-116745.0,228244.0
2024-01-01,64367.0,400738.0,131921.0,534343.0,1131369.0
2023-12-01,80716.0,151401.0,32851.0,1389978.0,1654946.0
2023-11-01,27294.0,47341.0,9738.0,367789.0,452162.0
2023-10-01,86266.0,184452.0,39719.0,1799652.0,2110089.0
2023-09-01,35940.0,65190.0,15353.0,653985.0,770468.0
2023-08-01,34800.0,52985.0,13837.0,97282.0,198904.0
2023-07-01,32783.0,56442.0,9223.0,77627.0,176075.0
2023-06-01,10372.0,15944.0,5790.0,6143.0,38249.0
2023-05-01,34111.0,56384.0,16750.0,27919.0,135164.0
2023-04-01,46753.0,97613.0,23364.0,35238.0,202968.0
2023-03-01,75473.0,149922.0,47257.0,-827.0,271825.0
2023-02-01,32954.0,92564.0,19091.0,15638.0,160247.0
2023-01-01,73407.0,141153.0,35804.0,1028896.0,1279260.0
2022-12-01,57446.0,114038.0,41380.0,848456.0,1061320.0
2022-11-01,78062.0,168590.0,77164.0,795362.0,1119178.0
2022-10-01,107078.0,262086.0,102190.0,1369872.0,1841226.0
2022-09-01,109657.0,248383.0,98041.0,1688074.0,2144155.0
2022-08-01,50622.0,81398.0,27236.0,32378.0,191634.0
2022-07-01,46842.0,101661.0,43362.0,-433.0,191432.0
2022-06-01,28705.5,50457.0,27221.5,,106384.0
2022-05-01,71889.0,120719.0,55230.0,,247838.0
2022-04-01,47529.5,75837.0,33801.5,,157168.0
2022-03-01,79060.0,140859.5,56813.0,,276732.5
2022-02-01,22152.5,17615.0,9300.0,,49067.5
2022-01-01,107351.5,195667.5,79527.0,,382546.0
2021-12-01,38033.0,72674.5,37697.0,,148404.5
2021-11-01,202536.5,449407.5,250550.0,,902494.0
2021-10-01,130507.0,307575.0,156330.5,,594412.5
2021-09-01,158519.0,342492.5,177727.5,,678739.0
2021-08-01,62443.5,111088.0,56452.5,,229984.0
2021-07-01,63723.5,146043.5,53126.5,,262893.5
2021-06-01,72376.5,183950.5,66541.0,,322868.0
2021-05-01,71625.5,200579.0,67125.5,,339330.0
2021-04-01,99223.5,257475.5,90950.5,,447649.5
2021-03-01,98622.0,260654.0,124100.0,,483376.0
2021-02-01,74309.0,195854.0,82004.5,,352167.5
2021-01-01,165091.5,495324.5,201792.0,,862208.0
2020-12-01,102026.0,340854.0,118957.5,,561837.5
2020-11-01,191728.5,634321.5,273807.0,,1099857.0
2020-10-01,144242.5,414719.0,195237.5,,754199.0
2020-09-01,112319.5,212501.0,127404.5,,452225.0
2020-08-01,90713.0,2980.5,89864.5,,183558.0
2020-07-01,2945.0,164.5,2947.5,,6057.0
2020-03-01,52743.5,170055.0,62944.5,,285743.0
2020-02-01,13874.5,48386.5,17639.0,,79900.0
2020-01-01,165870.0,443391.5,149332.0,,758593.5
2019-12-01,165250.5,485416.5,155871.5,,806538.5
2019-11-01,135066.0,426454.5,124749.5,,686270.0
2019-10-01,172516.0,544029.5,151746.0,,868291.5
2019-09-01,227864.5,643894.5,208062.5,,1079821.5
2019-08-01,46759.0,162088.5,43655.5,,252503.0
2019-07-01,56860.5,168841.0,28003.5,,253705.0
2019-06-01,45894.5,148347.0,39111.0,,233352.5
2019-05-01,50722.0,126033.5,26391.0,,203146.5
2019-04-01,65569.5,184947.0,57369.5,,307886.0
2019-03-01,164073.5,518281.5,139727.0,,822082.0
2019-02-01,17230.0,-14375.0,8221.0,,11076.0
2019-01-01,129529.0,487865.5,101784.0,,719178.5
2018-12-01,205586.0,735751.0,133468.5,,1074805.5
2018-11-01,96079.5,402642.5,63767.5,,562489.5
2018-10-01,38884.5,159280.5,26124.0,,224289.0
2018-09-01,303509.5,1084013.0,189242.0,,1576764.5
2018-08-01,76033.0,241382.5,35974.5,,353390.0
2018-07-01,45598.0,165647.5,19367.5,,230613.0
2018-06-01,71976.0,326638.5,38993.5,,437608.0
