Month,Bally Bet,Bet365,BetFred,BetMGM,Betway,BlueBet,Caesars,Circa Sports,DraftKings,Dubuque Racing,ESPN Bet,Elite Hospitality,FanDuel,Fanatics,Retail (All Properties),Rush Street Interactive,SCE Partners,Sporttrade,Total
2026-02-01,141.81841723883963,-0.11729867809741924,,-0.31018035474398364,,,-0.15217677315076814,5.170236982815799,0.05516278141298642,-1.0,-0.5354482960394963,,-0.17506278603019773,0.24595088443226737,-0.07156070690441073,1.2340952530674358,,,-0.06824647824821782
2026-01-01,0.016803546016193546,0.36026365687006506,,0.1959214343685569,,,-0.07644077184835378,0.14139007445987464,0.1053858398521303,1.0,-0.3429907922867463,,-0.06053638091234516,-0.16023402255057168,1.186360638857327,0.3117817123730867,,,0.061531943365507956
2025-12-01,2.992128820153339,0.37651776479707266,,4.150662079300726,,,0.593278067830322,-3.3695677190596762,1.0844230882252408,1.0,23.117994802871632,,0.8113650587309188,1.2353102304496595,4.488494680846666,0.2637587734098009,1.0,,1.2668085486983671
2025-11-01,0.7596666824368891,0.37275667966524795,,-0.09110478709605149,,,-0.11605011667060777,0.5185314325861897,-0.0598213425200806,-1.1311548737291313,0.2630729575002567,,0.29575191545035256,0.24760722649162173,-0.4289523544780441,0.29547886867613266,1.0,,0.045532372025999086
2025-10-01,1.197582585932043,0.20334327558037776,,0.9134672433345046,,,0.3052894160752822,6.965984961779125,0.49120386648696784,-1.0,3.0590110849726084,,0.2791844122653526,5.379822191953724,1.9980697848872846,0.5544090569270641,1.0,,0.5660529554217721
2025-09-01,0.8936316084415925,0.017683870881885718,,-0.238661036407296,,,-0.17366757853922388,2.36371177081886,-0.23727627870776413,-1.0401461149698108,-0.25461157518032496,,-0.07075288487170399,-0.08468772110361888,-0.29440323071849256,0.22751824448357355,1.0,,-0.1731254196618204
2025-08-01,1.2317042360964765,0.21655076288831562,,0.16469353074914042,,,0.45189901041260355,0.9015101527203323,0.5148076617821051,-1.0,0.698939626276138,,0.7087407524070237,1.2810881181287823,-0.12384931552181352,-0.22801836254322194,1.0,,0.40077793403199913
2025-07-01,15.155747986426265,0.20207917199839612,,0.4366162970154483,,,0.24792637851580374,-0.30098702190060184,0.3434478321517238,-1.0,0.08003440904179443,,0.12633749534553715,1.2449001102492692,0.6176641675805671,0.9779317767799649,-1.0,,0.29649258591751015
2025-06-01,11.523398385347129,0.16250336147602076,,0.296394408797178,,,0.4412865811002117,-0.16702666598219346,0.8464449416604863,-1.0,-0.17621487482354728,,0.3340692750142274,2.289471866181576,0.26133256952195627,3.0389314533195706,1.0,,0.5375822223486891
2025-05-01,0.28041302565892284,0.35904114831209605,,0.20268174494623667,,,0.0564967437329929,-2.6176253071245323,0.34650164534691696,-1.0250524653520892,-0.16472516429494688,,0.24492266789111816,2.044915388718518,-0.3705759422133441,-0.08982795947428517,1.0,,0.20133988446385018
2025-04-01,0.2074502387368119,0.7470691827251126,-1.0,-0.16396900985906318,-1.0,-1.0,0.6387504030411176,1.0844086851000179,0.20939662429671826,7.156632079836099,-0.39379091551241957,,0.024846462589557305,2.09392281883765,-0.5655228733735285,0.15061658887067306,1.0,1.0,0.13495712763366802
2025-03-01,2.208689929586605,0.009387665654649513,-1.0,-0.2317288200886844,1.0,-1.0,0.16963366771969643,0.4118673962885235,-0.15639415162802411,-5.404084072876062,-0.4008672562831282,,-0.146231594669104,3.7839939589684723,-0.6344245457093316,-0.048694591262175575,-1.0,,-0.1344108943277329
2025-02-01,-0.9854496467414413,1.9289100155273091,-1.0430622120425377,0.5926974766463401,1.0,-1.0,0.9971775692117999,-0.37418085205367313,0.307861701964655,-0.2715969659848063,-0.0016240399676515638,,0.5062979641682203,11.48573426304362,4.332130383364219,0.04504355226457989,1.0,,0.5631592025107884
2025-01-01,8.663994683338927,0.43487261860199466,-1.0811643025741018,0.17809259436711206,-1.0,-1.0,0.14957467085748322,0.551751440419757,0.24714534282694922,0.9486773291345616,6.570009993475069,,0.10026067302008385,3.120007127053558,-0.5471707021851617,-0.3634169698717426,-1.0,,0.18691026550608894
2024-12-01,-0.015890809102532304,0.4012042876515239,-1.3754943133888005,-0.7181886634368431,-1.0,-1.0,-0.5722375609842553,1.4711595344282102,-0.4339544562189948,-1.4378987429565733,-0.9828531047982242,,-0.26817080557816875,1.1130536608948878,-1.2120747516623052,0.37375408962946055,-2.1565346740457816,,-0.49386248371567126
2024-11-01,,3.195293462967967,-1.2077444008761986,2.4865394607326263,-1.0,-1.0,1.8664115679319988,-17.31308213708805,1.4108247578644262,4.2435105067985175,-0.6439848547411473,,1.460728875313679,0.6207093992924176,0.8868301664995009,1.9624052098923308,0.9126250510269702,,1.1340002118974806
2024-10-01,,1.689762678964146,-0.5286386591216924,-0.4022124058511599,1.0,-1.0,-0.25538632447035503,2.1729205225777477,-0.22868517870832172,-0.6321143340123787,-0.16766463540009385,,-0.07249588099456414,-0.4939323887510149,-0.7696909406995037,0.4146517915005547,-17.316807565553802,,-0.23753626511847686
2024-09-01,,-0.06173030000558256,-0.1732421681874919,0.1227969088923746,-1.0,-0.8665555065817897,-0.06315340746630482,-1.466729545664606,0.24743565597498812,-0.6963596958029985,0.8638913529208525,,0.1661464091967281,1.2883844476493502,-0.07313819607857848,0.01572354527093682,-9.36053892853339,,0.14133574202144966
2024-08-01,,0.5579293648435126,-0.31658157353980393,0.20177947032081284,-1.0,0.29847764593395676,-0.4150593831019391,0.036994921788048314,0.368812388958259,-0.2155353162059661,0.8659518570185891,,-0.02633190257405527,1.2612732701182225,0.39259412780372926,0.06912545517322181,-1.139673511911716,,0.16642183734219484
2024-07-01,,-0.06666843101181646,-0.1737596001274346,0.1309267596569093,-0.3574958889882584,2.307911124778965,0.10775635270746876,-0.29806897800217025,0.5252905800987164,-0.1689711382794619,1.9360809074920358,,0.24609597904426028,1.1191207440534812,0.4377822637619151,-0.410356446318235,-0.8353260789929763,,0.31329505059704155
2024-06-01,,-0.6568910659608509,-0.5795350007318806,-0.03340294531202109,-0.856382457629886,12.93584084874499,-0.14719079787497985,-0.08891387009272636,0.5651227101890697,5.612149477952119,2.46833584153737,-1.0,0.5023204706579967,0.8147294848517497,0.6287113834989875,-0.6941085872735725,-1.4609024808373494,,0.1725793039769141
2024-05-01,,,-0.7230017597642142,-0.388040688330869,-1.4749944460940516,0.29214674562448356,-0.33849026382972547,-1.030752901289576,0.06936664087276317,19.41211315793194,0.7258933271877569,-1.0,0.08089496304954649,-0.09260420932954544,0.08995214155698077,-0.3249808125330355,-1.0296523235809776,,0.005887128339781202
2024-04-01,,,0.840086599837352,-0.28822919980437,2.2188863522218245,0.8555713874697524,-0.37878797944790094,-0.9589839461656828,0.10367688340916191,-2.155709422997094,2.1678288722924663,-1.0,0.15353975757343674,-0.14325697711787658,0.22398896585957767,-0.5276353769182036,-1.773785596455908,,0.17066835067537192
2024-03-01,,,73.99264695832822,-0.2525679848530521,-1.16368359109439,0.4761719921037598,-0.47697508576314,0.5266912712299061,0.033306891232211026,-0.6911581303288185,0.327377378144322,-1.0,-0.0359286809732247,-0.5126596501654763,-0.2523824817939739,1.4396948255761453,-0.17879740590337273,,-0.08371245167200635
2024-02-01,,,1.1806629809278841,0.019445274304213,-1.351084425020844,0.7065530543340279,-0.4867709964052143,0.8797414726669514,0.1974317773846651,2.8545750021924055,3.9520131183899525,-1.0,0.06643001345344421,-0.21161451812150178,0.7718994551331743,-0.036975397819624105,-2.849799260407024,,0.1463873185448027
2024-01-01,,,1.0293398001672969,-0.22114409526118686,32.67922554753875,-0.10333302392540582,-0.014265952026058128,-1.7467241603639392,0.7084254768023621,0.511828645402491,-0.8052879744321384,1.0,0.3544835958614621,-0.3443866645073566,0.1716289181787713,0.47719032048122323,-0.5507503626651384,,0.333749406192294
2023-12-01,,,,,,,,,,,,,,,,,,,0.26539164393135667
2023-11-01,,,,,,,,,,,,,,,,,,,1.4284975529349089
2023-10-01,,,,,,,,,,,,,,,,,,,0.26399977458734186
2023-09-01,,,,,,,,,,,,,,,,,,,-0.053446292450929335
2023-08-01,,,,,,,,,,,,,,,,,,,-0.06322544711289345
2023-07-01,,,,,,,,,,,,,,,,,,,-0.05407609663297385
2023-06-01,,,,,,,,,,,,,,,,,,,0.6221271068896713
2023-05-01,,,,,,,,,,,,,,,,,,,0.31428043244336756
2023-04-01,,,,,,,,,,,,,,,,,,,0.1386991330349713
2023-03-01,,,,,,,,,,,,,,,,,,,0.37791596759468515
2023-02-01,,,,,,,,,,,,,,,,,,,0.38372984467696464
2023-01-01,,,,,,,,,,,,,,,,,,,0.15934643568126444
2022-12-01,,,,,,,,,,,,,,,,,,,0.5515084065101549
2022-11-01,,,,,,,,,,,,,,,,,,,-0.7089491607812244
2022-10-01,,,,,,,,,,,,,,,,,,,0.7652964854982686
2022-09-01,,,,,,,,,,,,,,,,,,,1.282566558268249
2022-08-01,,,,,,,,,,,,,,,,,,,0.9678724597861096
2022-07-01,,,,,,,,,,,,,,,,,,,0.37720395518422006
2022-06-01,,,,,,,,,,,,,,,,,,,-0.22030707509539887
2022-05-01,,,,,,,,,,,,,,,,,,,1.0592539845037166
2022-04-01,,,,,,,,,,,,,,,,,,,0.6048939501663163
2022-03-01,,,,,,,,,,,,,,,,,,,0.07112211767164076
2022-02-01,,,,,,,,,,,,,,,,,,,0.11299102135962717
2022-01-01,,,,,,,,,,,,,,,,,,,0.2579719832875805
2021-12-01,,,,,,,,,,,,,,,,,,,0.7740731234114568
2021-11-01,,,,,,,,,,,,,,,,,,,1.4478541369072746
2021-10-01,,,,,,,,,,,,,,,,,,,0.19380838442476844
2021-09-01,,,,,,,,,,,,,,,,,,,1.1547804453948596
2021-08-01,,,,,,,,,,,,,,,,,,,1.439214049972212
2021-07-01,,,,,,,,,,,,,,,,,,,2.615378378273234
2021-06-01,,,,,,,,,,,,,,,,,,,12.572020694003708
2021-05-01,,,,,,,,,,,,,,,,,,,11.240950603813308
2021-04-01,,,,,,,,,,,,,,,,,,,50.3883366491223
2021-03-01,,,,,,,,,,,,,,,,,,,10.345213551453458
2021-02-01,,,,,,,,,,,,,,,,,,,9.20494942980742
2021-01-01,,,,,,,,,,,,,,,,,,,2.508929361762848
2020-12-01,,,,,,,,,,,,,,,,,,,1.5951575997665552
2020-11-01,,,,,,,,,,,,,,,,,,,1.2624061813190055
2020-10-01,,,,,,,,,,,,,,,,,,,0.6049460964851499
2020-09-01,,,,,,,,,,,,,,,,,,,0.04195266373478196
2020-08-01,,,,,,,,,,,,,,,,,,,0.38953389598652033
2020-07-01,,,,,,,,,,,,,,,,,,,
2020-06-01,,,,,,,,,,,,,,,,,,,
2020-05-01,,,,,,,,,,,,,,,,,,,
2020-04-01,,,,,,,,,,,,,,,,,,,
2020-03-01,,,,,,,,,,,,,,,,,,,
2020-02-01,,,,,,,,,,,,,,,,,,,
2020-01-01,,,,,,,,,,,,,,,,,,,
2019-12-01,,,,,,,,,,,,,,,,,,,
2019-11-01,,,,,,,,,,,,,,,,,,,
2019-10-01,,,,,,,,,,,,,,,,,,,
2019-09-01,,,,,,,,,,,,,,,,,,,
2019-08-01,,,,,,,,,,,,,,,,,,,
