Month,BetMGM,Caesars,DraftKings,FanDuel,Fanatics,Total
2025-12-01,0.15615651215261117,0.13482253358231736,0.14059972805272686,0.16305816619731128,0.13942095789632583,0.1483635361833575
2025-11-01,0.06582084435924425,0.1273273028320315,0.1268060919720664,0.13679729712515012,0.11130320557381092,0.11638034061481023
2025-10-01,0.09845627557271115,0.09198752325923173,0.12724877153338435,0.11325845019913253,0.0916856174945436,0.11561338791649028
2025-09-01,0.08910751036406825,0.08712169711310434,0.08303999406031509,0.09304910185726814,0.06693556156953467,0.0851217354844808
2025-08-01,0.18219646157231756,0.09859854762857902,0.15640951200236847,0.19494560649953727,0.14801890443056054,0.16427018219971942
2025-07-01,0.1717499562754252,0.19855025629108686,0.07651541471000242,0.13258050906772015,0.15872837829075534,0.11051880858638652
2025-06-01,0.1792168257178247,0.18708075470089822,0.1331218508694106,0.13190612614323863,0.1126821746283014,0.14130604027113214
2025-05-01,0.09742636705664742,0.0938667989416099,0.1361627489073512,0.18416896513536668,0.1487637640604908,0.1380631106831712
2025-04-01,0.13888981540887319,0.11063278031952348,0.10270415347519414,0.120313923080366,0.10728138602091776,0.11332809413857729
2025-03-01,0.026016244970046867,0.061941069424397296,0.060688374733205055,0.08123347126352905,0.003948140704155471,0.05447044697335284
2025-02-01,0.10103438340598234,0.11295097404288187,0.11308484094144677,0.2064718787707744,0.08173241081503237,0.12515954655759842
2025-01-01,0.0894513509436335,0.010090476813986216,0.10841379266477776,0.18784691813993548,0.090952208065529,0.11459621738898242
2024-12-01,-0.012884128442269127,0.11551400621865165,0.0461212007289503,0.04098918446837536,0.04853694134584187,0.033235400340812765
2024-11-01,0.13666241981341906,0.06405874249148949,0.16222430584704806,0.14401144010156727,0.12349630785202358,0.14993702103215908
2024-10-01,0.021953768313994315,0.07624534677127807,0.07797528402823954,0.14024019523756995,0.08817705065157679,0.07883071563000978
2024-09-01,0.10435039559056192,0.2321182472259215,0.12371445850929755,0.15906343243795024,0.09909371266217354,0.12910131102581976
2024-08-01,0.14421820033800942,-0.02172778301521344,0.1314333760852708,0.1600735875263531,-0.05682960284378718,0.13056846037658312
2024-07-01,0.1474493784885137,0.09335021037892893,0.16565944918017927,0.14676472907757754,0.14297848939623437,0.15465065200809855
2024-06-01,0.134595414054255,0.1275614483976483,0.09056344069633443,0.08664904987409436,0.1013698901165325,0.09926409686499837
2024-05-01,0.06437553445550007,0.24965772605042374,0.14136042893877443,0.1461246803814952,0.031355167281356656,0.13310371367666193
2024-04-01,0.10933040064092704,-0.03912682694240252,0.10030465043794828,0.10598616481096322,,0.09717279175009103
2024-03-01,0.1679190188804266,0.0715993596949263,0.08404734707488,0.08848020828747723,,0.09715370988382192
2024-02-01,0.14945117249728715,0.0981884424607853,0.11892346815262805,0.13001342254786197,,0.12549533103662927
2024-01-01,0.17673987989871245,0.02685301227019279,0.12527470330095503,0.126065688205037,,0.1313376606332786
2023-12-01,0.011422833093815005,0.006846414773872659,0.11525571618625731,0.1313045711617727,,0.09722717565455916
2023-11-01,0.12029570097958743,0.198142515959268,0.07027572640048863,0.09199164264436382,,0.08435740936947822
2023-10-01,0.10715720715129025,0.19287611085527154,0.1136346169154638,0.08303769799737583,,0.10697826147617734
2023-09-01,0.06817735011714472,0.012964298042046414,0.07121513361779708,0.1301570997885843,,0.07923246366224053
2023-08-01,0.1326197266091242,0.18147388203581669,0.097266757209494,0.1584160313263111,,0.11541988452735943
2023-07-01,0.15259066877178928,0.25446004711934833,0.11822228037669479,0.09240558613915265,,0.12261279253608157
2023-06-01,0.034684526424675365,0.08023951504368368,0.07548136669869299,0.15860603415929586,,0.08176235226203671
2023-05-01,0.13350086262892355,0.16083926635331075,0.07602676082374994,0.14983112011747102,,0.10227665191757497
2023-04-01,0.09575577783588207,0.13797899464712574,0.09978785346455663,0.0910038003803953,,0.10014610182758284
2023-03-01,0.09943058944633514,0.05963950155373346,0.13977007954678047,0.12503641327936185,,0.12433732605395209
2023-02-01,0.08560314320109479,0.07569991056592007,0.09411088413306055,0.11523508609129585,,0.0954296936189192
2023-01-01,0.12118270769236322,0.03520159067229748,0.11964381555657358,0.09243047279912461,,0.11069351380940913
