Month,Boxing,Golf,MLB,MMA,Motorsports,NBA,NCAAB,NCAAF,NFL,NHL,Olympics,Soccer,Tennis,Total
2025-12-01,1170.0,10068.0,200.0,10915.0,220.0,129952.91,242818.41,357022.61,411016.61,39876.55,,6130.87,6205.35,1215596.3100000003
2025-11-01,855.0,1450.0,10204.92,9968.6,1797.0,56410.36,154882.22,455111.1,460275.68,18308.4,,14673.15,7470.18,1191406.6099999996
2025-10-01,20.0,698.5,115872.89,15219.4,5074.15,36369.44,168.0,339196.4,422390.21,28324.46,,8078.8,28118.15,999530.4
2025-09-01,12915.0,5575.05,223862.77,4144.8,3058.0,13022.02,85.0,296441.46,535700.62,1260.0,,5676.02,18501.72,1120242.46
2025-08-01,38.0,3022.1,345616.02,30562.68,4613.0,19543.87,117.6,130235.18,67623.52,840.0,,10184.310000000001,36215.44,648611.72
2025-07-01,985.0,4445.15,406804.44,33132.4,3105.0,17440.54,,2074.0,15788.79,45.0,,10292.79,35965.76,530078.87
2025-06-01,85.0,7077.25,330669.18,42090.02,1743.6,72145.19,200.0,485.0,8700.0,20609.61,,6275.81,21375.8,511456.45999999996
2025-05-01,430.0,6216.5,316335.86,17919.25,5797.1,179374.12,260.0,10.0,8662.26,51824.05,,8614.26,16393.85,611837.25
2025-04-01,45.0,16341.05,251386.86,28641.8,1665.0,150346.05,106211.31,2393.5,7450.0,52921.82,,7743.08,10247.0,635392.4699999999
2025-03-01,45.0,7385.9,45184.96,21371.55,5478.25,149496.61,1287051.83,55.0,13771.85,34698.62,,4859.62,5741.0,1575140.1900000002
2025-01-01,,1363.2,840.0,10946.0,130.0,76106.84,246361.09,169886.25,478879.3,31281.05,,5850.82,3275.0,1024919.5499999999
2024-12-01,30.0,495.0,550.0,8060.5,30.0,76152.22,124628.77,287541.91,498285.09,27796.92,,4001.85,1470.0,1029042.26
2024-11-01,1180.7,285.6,285.0,11659.8,1360.0,70540.54,114921.18,334922.91,433248.03,23378.07,,5895.48,4129.0,1001806.3099999999
2024-08-01,170.0,6312.9,278389.68,27232.6,3155.0,10884.65,135.0,78987.7,64738.38,369.1,435.0,5583.79,29592.35,505986.1499999999
2024-07-01,62.0,11045.35,314673.79,30960.1,2355.5,29437.86,20.0,3495.0,13468.25,250.0,726.9,17023.35,29236.75,452754.8499999999
2024-06-01,299.0,9638.6,311379.62,43248.85,3175.0,99867.54000000001,30.0,1930.0,12572.66,24215.32,,24828.36,26410.0,557594.95
2024-05-01,768.0,6087.0,173835.94,16005.65,3405.0,214086.06,580.0,235.0,5129.26,49688.19,,4945.25,20725.5,495490.85000000003
2024-04-01,1465.0,11726.4,139004.7,32257.25,3579.05,165572.91,96379.51,61.0,3179.0,37146.18,,5514.7,7622.0,503507.69999999995
2024-03-01,220.0,7116.0,24150.76,37398.65,4886.0,116644.25,997761.74,75.0,1980.0,34281.06,,9619.81,8137.0,1242270.27
2024-02-01,8.0,5498.3,3024.5,24923.42,5524.1,86175.59,276319.59,194.5,254748.41,25896.04,,5781.59,7922.9,696016.9400000001
2024-01-01,,4236.7,579.6,10012.2,55.0,80186.37,166989.21,80135.87,481473.62,38923.58,,2921.88,3301.0,868815.0299999999
2023-12-01,260.0,678.0,95.0,18646.5,,84977.01,185564.44,251263.56,576578.01,20639.74,,4848.11,388.0,1143938.37
2023-11-01,40.0,3176.0,3499.75,12382.4,834.0,69776.92,122608.24,293823.06,415044.94,36166.84,,2350.83,8290.7,967993.6799999999
2023-10-01,50.0,2347.0,116893.31,14440.18,1889.3,24303.21,196.0,297958.03,524948.39,19514.58,,7125.02,11995.0,1021660.02
2023-09-01,830.0,1551.0,155641.77,15284.55,2415.85,5151.57,2947.5,324804.06,425937.96,568.23,,5059.68,39501.5,979693.67
2023-08-01,285.0,3060.0,363285.93,31100.2,3913.9,7056.83,,27625.14,56721.81,1125.0,,10927.59,12950.55,518051.95
2023-07-01,2159.0,6720.25,323371.25,43948.65,4827.35,3459.72,1020.0,1244.0,9840.55,346.0,,3867.08,12564.6,413368.45
2023-06-01,35.0,4891.91,318449.95,15141.35,3534.0,46176.35,20.0,127.0,4102.8,16205.87,,1429.44,6911.0,417024.6699999999
2023-05-01,600.0,4851.3,306621.02,12965.45,3796.75,163641.81,111.0,491.0,3160.0,26272.04,,3069.46,2982.65,528562.48
2023-04-01,2479.8,8473.6,225924.08,25428.75,3881.0,107098.84,63273.18,30.0,3238.55,48788.45,,3736.85,691.8,493044.89999999997
2023-03-01,295.0,4633.5,36384.91,34707.8,7527.1,60429.89,729060.95,88.0,2948.8,44915.25,,858.44,2054.5,923904.1399999999
2023-02-01,15.0,4548.35,5915.9,17051.8,9859.25,49966.35,329251.71,10.0,226190.35,67127.78,,1753.21,5447.0,717136.7
2023-01-01,133.0,696.0,171.0,7588.6,380.0,58506.34,177242.01,37157.0,568797.35,50107.65,,5619.0,3913.6,910311.5499999999
