Month,Total
2026-02-01,304951146.25
2026-01-01,381683705.41
2025-12-01,398006546.86999995
2025-11-01,443482838.52000004
2025-10-01,458837317.63
2025-09-01,401505853.52
2025-08-01,271416105.24000007
2025-07-01,226332909.68
2025-06-01,245347399.08000007
2025-05-01,300668112.08
2025-04-01,343838482.55
2025-03-01,386427937.01
2025-02-01,381244367.6700001
2025-01-01,387967228.76
2024-12-01,390727666.68999994
2024-11-01,413465531.17
2024-10-01,401847974.75000006
2024-09-01,351690808.2
2024-08-01,223584733.74
2024-07-01,184543537.01999998
2024-06-01,212056543.18999997
2024-05-01,256659996.82999995
2024-04-01,283059883.62
2024-03-01,350006556.78000003
2024-02-01,274775955.21999997
2024-01-01,346320907.19
2023-12-01,377046556.0699995
2023-11-01,356479621.7799996
2023-10-01,308613008.38999975
2023-09-01,280093548.85999966
2023-08-01,153933704.10999995
2023-07-01,134757491.53000012
2023-06-01,160083233.33999994
2023-05-01,195123855.28999987
2023-04-01,209746932.05999985
2023-03-01,249280627.99999976
2023-02-01,197709561.35999992
2023-01-01,282269900.74999994
2022-12-01,254753432.77000004
2022-11-01,268638966.78000003
2022-10-01,255805485.04999998
2022-09-01,203827285.92999998
2022-08-01,128252251.22999999
2022-07-01,118522224.99999999
2022-06-01,132438363.56
2022-05-01,171135818.54999998
2022-04-01,208255059.52
2022-03-01,232730340.59
2022-02-01,238413595.85
2022-01-01,89757060.15
2021-12-01,39495002.54
2021-11-01,27468771.889999997
2021-10-01,402266.55000000005
