Month,Baseball,Basketball,Football,Other,Parlay,Soccer,Total
2026-02-01,185756.52,4801362.27,109167.40000000002,4439150.649999999,24611107.64,416060.8,34562605.28
2026-01-01,120305.08,4669529.31,7130388.36,5584005.79,29169520.17,407140.46,47080889.17
2025-12-01,-12483.92,4246373.28,7845136.68,4353404.85,44645504.51,263539.34,61341474.74
2025-11-01,-1203619.88,3970203.6,5895794.42,4770441.12,49687007.96,556067.32,63675894.54
2025-10-01,2031668.69,2607874.62,8557582.36,5895337.3,32735759.909999996,342897.73,52171120.60999999
2025-09-01,1639963.3699999999,1035605.0,7344522.380000001,9940863.49,27536610.19,347926.2,47845490.63000001
2025-08-01,3307216.329780328,1343737.2243825288,1608575.2314283857,5707732.694590227,21445217.378157273,421978.7916485303,33834457.64998727
2025-07-01,3609450.6500000004,1201996.0,769178.3,5469391.87,20055550.790000003,491961.42,31597529.030000005
2025-06-01,1216175.3199999998,1667109.35,290253.97000000003,4812001.07,23944458.65,543725.51,32473723.87
2025-05-01,3145681.2600000002,4321122.13,195276.26,4205068.6,33596086.6,603301.48,46066536.33
2025-04-01,3118057.72,3427859.15,70948.11,5685373.67,25781001.51,790515.2899999999,38873755.45
2025-03-01,410817.05000000005,7372823.27,-511767.39999999997,5023415.76,16333082.149999999,524448.23,29152819.06
2025-02-01,159893.84,9905526.43,-728416.6899999996,8230730.319999999,31131535.47,799404.0000000001,49498673.37
2025-01-01,46370.15,4216168.74,3541531.29,5465792.470000001,32212830.299999997,393782.01999999996,45876474.970000006
2024-12-01,-12045.579999999998,5147877.8,3405340.5,3879890.43,21759427.770000003,457415.16000000003,34637906.08
2024-11-01,-818987.9200000002,4005378.4499999997,8934888.68,5217325.159999999,38892230.9,588259.66,56819094.92999999
2024-10-01,844413.1700000002,2251701.02,7616998.7299999995,7483294.87,23816042.54,298235.61,42310685.94
2024-09-01,2240499.5199999996,512325.56000000006,5084963.58,9944588.18,35069638.940000005,488429.16000000003,53340444.94
2024-08-01,2383301.5300000003,247169.95999999996,3241217.9400000004,4687165.58,14224842.290000003,540147.33,25323844.630000003
2024-07-01,2971205.01,1755135.0299999998,406176.97,3257814.2500000005,15463701.620000001,529642.7400000001,24383675.62
2024-06-01,2455358.04,3040433.2100000004,273823.63,4000222.2199999997,16151200.26,650918.33,26571955.689999998
2024-05-01,2301478.08,2610608.38,102917.86000000003,5815364.13,22724878.199999996,486563.4,34041810.04999999
2024-04-01,2471900.91,5751733.0,-51918.50000000002,571588.53,27826410.820000004,667274.7799999999,37236989.54000001
2024-03-01,733095.33,8089262.73,-247399.39,3268171.4299999997,24134934.160000004,529265.4500000001,36507329.71000001
2024-02-01,68337.39,5048669.8,-2733975.13,2335056.79,20969639.480000004,424106.58,26111834.910000004
2024-01-01,-40785.89,3020240.73,4545936.350000001,1148464.9095709962,31096008.81,194968.89,39964833.79957099
2023-12-01,-178530.70086425258,4614910.626134064,6401079.687713483,1240709.1748529924,43196590.53024323,557040.3719095255,55831799.689989045
2023-11-01,-1585751.6416781484,4490946.813751502,4670881.979966922,1520066.9568171334,13661454.474272443,688268.976820117,23445867.55994997
2023-10-01,3784376.023352989,2158307.341853621,7558784.556707114,1607407.4184472524,27442802.392990716,188806.7366523615,42740484.47000405
2023-09-01,6801857.978459451,74253.00769648483,9055544.482841354,2958197.476142424,23093884.810647,272337.6242123281,42256075.37999904
2023-08-01,1546916.9771314375,834015.8474933252,3569573.2529245215,1350410.9439970863,9364660.431970619,510753.6264769856,17176331.079993974
2023-07-01,3020285.3461125745,560910.1258244916,515822.6907597982,2010891.3167494056,10929542.36784597,680782.4427157206,17718234.290007956
2023-06-01,-1404433.7325059623,520065.7715380669,337294.3067398128,2110257.200818856,10635616.481746586,329046.33166262927,12527846.359999988
2023-05-01,3345162.27696192,4411473.777912852,77429.82663286688,1868515.8011688886,18329310.131251264,580252.3860721581,28612144.19999995
2023-04-01,1317751.131527479,1669112.9177734628,264266.517057317,3099770.4309553606,15912264.41051132,72766.27217704471,22335931.680001985
2023-03-01,568317.6880545976,8109337.697689019,-466070.25861101074,1934190.8814710928,19163484.15617548,639483.2052418211,29948743.370021
2023-02-01,125240.65288141457,4448812.573002793,-1366313.3223094486,2501173.0451663393,13561660.532918064,213019.60833785313,19483593.089997016
2023-01-01,-35808.37057594408,4245327.980200105,7905612.3171592,1436909.6456331613,14298508.070504164,369885.3270713252,28220434.96999201
2022-12-01,-122704.70999999998,4799182.0,10200068.99,688341.1499999999,21959842.65,-121123.35,37403606.73
2022-11-01,-60750301.55,6800994.340000001,3462357.4099999997,1313305.6500000001,22890058.180000003,1035875.8099999999,-25247710.159999996
2022-10-01,1510026.2700000003,1552935.04,3001800.81,2727807.83,21679697.409999996,166288.33000000002,30638555.689999998
2022-09-01,1225056.07,118642.03000000006,8013976.4399999995,4349460.62,19513697.47,206944.15000000002,33427776.779999997
2022-08-01,1491906.16,481248.28,3715323.44,1522498.52,2001156.4300000002,317515.84,9529648.67
2022-07-01,5454734.45,418115.03,468039.73000000004,999691.85,13098142.28,478702.1700000001,20917425.51
2022-06-01,1199491.42,-34268.98999999999,456683.45999999996,1472880.28,7273720.909999999,479328.35000000003,10847835.429999998
2022-05-01,5937315.98,5129796.369999999,322139.06000000006,1725465.38,12413384.079999998,151529.64,25679630.509999998
2022-04-01,1608117.1799999997,-11890226.73,20007.86,1037224.4000000001,14782711.530000001,489405.76999999996,6047240.01
2022-03-01,214721.93,12931479.55,-188414.72999999992,2115228.73,15337045.090000002,488638.33999999997,30898698.91
2022-02-01,192577.07,5570859.02,9136652.18,2555309.09,5070581.7,-201643.77999999997,22324335.279999997
2022-01-01,12058.72,-151775.2899999998,-396248.60867,182734.47000000003,2627009.0599999996,80686.30000000002,2354464.65133
2021-12-01,1225.0,229625.69999999998,1683297.1500000001,16807.169999999995,2416931.42,32813.3,4380699.739999999
2021-11-01,-8051.870000000001,366941.75999999995,1448556.2100000002,32215.930000000004,3608256.4199999995,21431.399999999998,5469349.85
2021-10-01,4466.25,2989.1,124969.2,670.0,83487.2,-228.0,216353.75
