Month,Bally Bet,BetMGM,Caesars,DraftKings,ESPN Bet,FanDuel,Fanatics,Resorts World Bet,Rush Street Interactive,Total
2026-02-01,1120987.3400000003,4210848.749999998,9047970.68,61277548.26999999,3155439.34,80055666.1259,14421373.029999997,,4175426.46,177465259.9959
2026-01-01,1729474.75,13350101.590000005,11533369.779999997,79676670.65000002,4339229.810000001,113714850.11290002,21511211.999999996,,4774789.409999998,250629698.10290006
2025-12-01,1171791.2899999998,13203450.179999996,14657373.040003289,84059007.38,3619335.4900000007,120138967.94,18726413.23000001,,4101763.179999999,259678101.7300033
2025-11-01,1076104.77,13514602.279999996,13970763.940000009,89122251.94999999,3926409.0900000012,131906824.852,22952147.160000004,,4087129.7899999996,280556233.832
2025-10-01,1146471.67,14437539.379999993,13231651.249999998,82914779.78999999,3403881.620000001,100560318.04000002,18667863.500000026,,4383244.1899999995,238745749.44000006
2025-09-01,788535.1799999999,10907540.880000003,10933027.41,66686328.499999955,2786987.440000001,77635365.35,20453298.309999995,,3565771.8200000003,193756854.88999993
2025-08-01,839409.1200000001,13839160.340000004,10670089.233999597,62296252.66000899,3620329.7499999995,66893366.530000016,16072483.130000006,,3979348.3099999996,178210439.07400864
2025-07-01,865910.1299999999,10004782.549999995,9721073.904499978,52499733.06999199,3860026.550000001,61355439.08999999,13891283.089999998,,3362586.509999999,155560834.89449194
2025-06-01,791200.9400000002,11887321.179999998,12298994.32699988,69845557.820012,4096374.67,86323419.7,17304738.11999999,229357.25999999992,3733204.1500000013,206510168.1670119
2025-05-01,631019.3900000004,14675538.719999999,13790497.651999392,84166800.109984,4005128.24,108849534.38999999,17967706.44999998,769446.4200000002,4051083.09,248906754.46198335
2025-04-01,489091.0699999999,11192780.340000005,9724710.079999998,66844717.17993802,3017207.520000001,84766092.34000003,12537263.349999998,769844.5600000003,3363840.5500000007,192705546.98993808
2025-03-01,261876.02000000002,10982908.960000005,8469863.589999998,62582503.22000999,3958755.7399999993,59458614.23000002,12870124.87,376409.5600000001,2867164.8199999942,161828221.01001
2025-02-01,484390.59000000014,11839505.669999998,10013286.079999996,51614172.89998104,3834546.2300000004,92579964.19999999,11044646.200000003,607969.7899999998,2794165.9200000037,184812647.57998103
2025-01-01,1043749.03,14801796.840000004,15780784.33,81976104.97907096,2393208.869999999,111343944.01,15078638.410000002,683617.8900000001,3944784.5500000007,247046628.90907097
2024-12-01,550029.0200000004,9563865.36,8680100.269999996,46495936.529278964,1346229.7199999993,70560889.30999997,9840477.00999999,462644.2800000001,2866862.120000007,150367033.6192789
2024-11-01,1168958.68,14426198.029999997,14153732.59,77051951.44999106,3462837.91,102640365.74999997,13836706.609999996,567119.22,4262247.879999991,231570118.119991
2024-10-01,304513.07999999996,9531861.059999995,10908352.52,58904088.347671054,3232487.880000001,77281642.07999998,12376682.530000005,274357.65000000014,3532933.699999992,176346918.84767103
2024-09-01,1065147.4999999998,10271213.11,13043864.13999996,69705223.65980798,103273.17999999993,97959723.66000004,8420579.15,606435.9199999999,3535474.0899999994,204710934.409808
2024-08-01,406241.20000000007,7032890.43,9435039.469999999,43304282.02000501,0.0,52606266.88000001,8482865.960000003,548870.03,3183319.600000007,124999775.59000503
2024-07-01,493827.89000000013,8829315.940448,10837754.93,47963691.149994,51221.59000000013,59281047.20999999,8934181.009999998,459138.07000000007,3478747.809999995,140328925.600442
2024-06-01,658294.3200000001,6844451.330000002,8588452.919999994,40903346.02000201,66665.11000000029,67087563.08000002,6688146.129999999,572890.9000000001,2521269.9699999643,133931079.780002
2024-05-01,536780.1499999999,8158204.82,11111416.831801534,84190457.05999704,73927.69000000024,88013044.48000003,7020776.829999996,631309.9000000003,3611601.250000003,203347519.01179862
2024-04-01,580801.1399999999,9104836.799999997,10350484.502264049,63195836.93812799,85070.16000000031,91022575.75999999,5566913.24,616681.28,3268466.2500000163,183791666.07039204
2024-03-01,402152.2600000001,8344062.869999999,13866629.121898264,51884702.899895005,122510.25000000048,82924200.42999999,4829590.390000004,851905.6799999998,3745302.9200000064,166971056.8217933
2024-02-01,724041.38,580224.1700000097,6706489.964498902,53378913.043963015,162799.77000000054,63435644.44,2920735.2299999967,544361.23,2974186.1999999937,131427395.42846191
2024-01-01,425689.1599999999,10012451.410000004,13646162.359999258,70966969.08472803,358496.7900000008,109174169.33,2633318.35,752478.3599999998,3535080.0300000096,211504814.87472728
2023-12-01,-252433.13000000003,8138777.319999998,15881629.04769763,65168050.22121598,-323463.7599999991,93566092.87,2629181.9900000007,401565.6799999998,3090719.9900000077,188300120.2289136
2023-11-01,234162.58999999994,7928714.280000005,11639019.654093198,54288131.79017602,-312427.47000000195,69243848.73,2426838.909999999,483433.43000000005,4971559.150000028,150903281.06426924
2023-10-01,0.0,7198812.669999999,10891472.629097678,59282586.32983201,313361.9199999985,83138402.90999997,1293514.0900000003,894038.8899999999,3316039.9899999863,166328229.42892966
2023-09-01,0.0,8188248.860000001,12594039.791682407,61440814.170051,366842.33999999834,76895655.97000001,1619466.0199999996,246385.66000000006,4210651.010000017,165562103.82173344
2023-08-01,0.0,6540913.570000002,9558652.130516242,35456060.59998898,752703.6099999994,41965934.26999999,914020.0000000002,322944.8999999999,2993155.809999978,98504384.8905052
2023-07-01,0.0,6755480.08,10613250.112399984,41086402.02999699,517872.4799999994,41095056.56,1348700.5499999998,496793.1300000001,3218762.629999995,105132317.57239696
2023-06-01,68438.42000000003,7049028.969999996,8573195.870600052,37127375.739998996,476601.9799999994,47226524.17000001,986716.6999999996,187279.23999999996,2132622.4999999953,103827783.59059905
2023-05-01,173560.32999999996,8852177.620000001,13911176.795200896,47720456.810005,461010.9099999998,75997093.59,1213648.09,416605.25,3222368.880000006,151968098.2752059
2023-04-01,28730.779999999984,7100175.740000004,12752332.199401058,44918778.35002001,465081.16999999876,70975478.06000002,1705338.6800000002,71357.67000000001,803290.8800000129,138820563.52942112
2023-03-01,207727.3199999999,9596988.780000003,15190414.25420014,52017766.929887995,640340.0699999989,79633216.41000001,1620480.8699999992,340239.25,3580406.160000005,162827580.04408816
2023-02-01,18451.11000000001,7539736.759999996,8484065.417499332,33484329.309995003,470548.57000000076,53511728.45,1855710.5100000007,484445.2500000002,2432924.519999989,108281939.89749433
2023-01-01,82934.27999999997,7197738.529999994,14960470.484500853,39801860.290187016,237385.0799999971,81870475.02000003,3126652.3600000013,202983.8500000001,1946897.2800000003,149427397.1746879
2022-12-01,47236.34999999999,9447138.329999998,15610557.03724925,44730961.17005099,409418.80999999936,67945450.33000001,711903.6100000003,267109.77,2600011.1299999906,141769786.53730023
2022-11-01,39718.099999999984,8026605.050000001,14923066.948247107,42339853.39991402,90898.7899999989,78295840.83000001,2147442.230000001,100020.51000000007,2258386.0299999914,148221831.88816112
2022-10-01,-31467.200000000026,8212147.98999999,14923209.372240411,41071462.57013503,525940.4800000001,76429846.39,2235470.250000001,463338.5599999999,1824770.5399999837,145654718.95237544
2022-09-01,144756.32999999996,8587465.75,18570182.077692363,44860969.09980801,685306.0399999992,65689191.79,1729929.5599999996,394795.5000000001,2670292.8899999904,143332889.03750035
2022-08-01,97502.34000000001,8796604.119999975,12728200.13516603,25891360.639978,492014.0200000013,46577817.510000005,2482751.5099999993,352785.35,2183157.7300000004,99602193.35514401
2022-07-01,40080.27,6272875.889999995,8650974.628748717,15783928.489989001,431989.8799999996,38992903.300000004,1719696.1199999994,262308.94000000006,1166471.859999998,73321229.37873773
2022-06-01,,6319678.860000005,6288818.566998959,16432377.409994012,292550.7400000002,39553705.93000002,1701742.58,32669.05999999991,1799320.819999999,72420863.966993
2022-05-01,,7907541.849999998,10789442.275250625,21457628.499994993,786588.2899999989,63897377.55999999,2906315.7300000014,236096.06,1807854.73,109788844.9952456
2022-04-01,,4980573.649999987,11803413.34749852,19637003.022449,518705.1399999985,63588526.03,1468570.9600000004,335808.3,1809025.0299999989,104141625.4799475
2022-03-01,,5070283.819999954,21582476.17899976,22894581.49,1187409.4699999965,58322575.11,2993616.58,518137.79,1712975.6499999994,114282056.08899972
2022-02-01,,3521782.9600000028,19788294.018000014,29952556.740000006,805758.3499999989,23167344.229999993,3088197.820000002,,2068169.42,82392103.538
2022-01-01,,3847997.7900000056,58985111.827105105,29582502.76999999,,28089391.759999983,2561623.2600000016,,1072328.0300000003,124138955.43710507
