Month,Bally Bet,BetMGM,Caesars,DraftKings,ESPN Bet,FanDuel,Fanatics,Rush Street Interactive,Total
2026-01-01,0.6569833363102622,-0.09807560971766437,-0.26915104225367753,-0.028050055923710956,0.81314295814055,0.02129353440800586,0.42660175375874626,0.21040562532115914,0.01731870001986118
2025-12-01,1.130417209622865,0.3805558404473395,0.688617940355117,0.8078785729386736,1.688497688195446,0.7026283131464693,0.9029985244587274,0.4307500703940337,0.732291515108829
2025-11-01,-0.0794330129786965,-0.06319029782512989,-0.012927236602538571,0.15665145752788492,0.1338703087029566,0.2851359588223217,0.6587868635887779,-0.04108585303583784,0.2145133836702366
2025-10-01,2.764934071140721,0.5146611232707163,0.2129834661778971,0.4076235133393465,0.05302223747239547,0.3012187025723722,0.5083091494631735,0.24068113420866336,0.3559509091934424
2025-09-01,-0.2596939109372175,0.06195254281896633,-0.16182602849464867,-0.043309453743976996,25.98655585119004,-0.20747668072790926,1.428965745188678,0.008569637120435217,-0.05069777332871843
2025-08-01,1.066282592706008,0.9677770438405656,0.13090032828443465,0.43857026959205503,,0.2715855067722305,0.8946996458258314,0.25006245367257207,0.4319738235097293
2025-07-01,0.7534654229432033,0.1331322400829563,-0.10303619455436624,0.09457241115602834,74.35936604076507,0.03499249722515142,0.5548468376062151,-0.033391699066566215,0.11218325015782904
2025-06-01,0.20189543789470962,0.7367821914222005,0.4320383940580405,0.7075756537339772,60.44705483873022,0.2867276099604597,1.587374405947675,0.4806840181418788,0.54681772930065
2025-05-01,0.17556394363688835,0.7988686290423386,0.24111063969179608,-0.00028099324839373104,53.176293618804905,0.23674320134141943,1.5592191412812633,0.12168614683030048,0.22406249174250745
2025-04-01,-0.15790270315240776,0.22932245638933463,-0.060458466666673406,0.05773925021963828,34.46728394539272,-0.0687355127863716,1.2521032409694959,0.02918013915547819,0.047827041719539026
2025-03-01,-0.3488137552677189,0.31625433929646385,-0.3891908757677568,0.20618409130635368,31.313669590911648,-0.2829763335470243,1.664848119759487,-0.2344638387754256,-0.028096337235671325
2025-02-01,-0.33099046079382904,19.4050542568742,0.4930740421600218,-0.03306062344372831,22.553757047691086,0.4594312868936938,2.7814609439966302,-0.06052757557680498,0.4073992012644348
2025-01-01,1.451904178156663,0.47833894356946477,0.15642654056776575,0.15513042245328293,5.675677263386358,0.019874432691504566,4.726097799759001,0.11589681606161263,0.16896929871928243
2024-12-01,3.1789097968242133,0.17509854170577077,-0.4534502572795984,-0.28652251568910925,5.161918231581811,-0.24587115753527597,2.74279036119519,-0.07242903618713128,-0.20220573437005365
2024-11-01,3.992081271393523,0.8194876900016113,0.21605882717299388,0.4193148467108309,12.083653783708515,0.48230301510567064,4.701534845590555,-0.1426738068680192,0.5357215323183389
2024-10-01,,0.324087942963516,0.0015498263161609054,-0.006384640171653392,9.315509555213398,-0.07044591458342203,8.568262630985336,0.0654074470314233,0.06430575580588938
2024-09-01,,0.2543845803435923,0.035717240516790635,0.13451009074982964,-0.7184807511586574,0.27393052864023865,4.199602242966483,-0.16034976976161566,0.23463455719392792
2024-08-01,,0.07521531277472565,-0.012932017906751397,0.22135063194297638,-1.0,0.25354690167368515,8.28083188551673,0.06353287368626169,0.26756040217010757
2024-07-01,,0.3069857117316819,0.021153257976811033,0.1673860153287682,-0.9010922727540953,0.44253475167865763,5.6242881045759185,0.08077177781823573,0.3367332774964194
2024-06-01,8.618783133801157,-0.02902210231659669,0.0017796221654357576,0.1017031288838168,-0.8601241438401067,0.42054839434100166,5.778182765123973,0.1822392242415007,0.2867381311545226
2024-05-01,2.092758293326592,-0.0783957156973541,-0.20125974995625304,0.7642424798068108,-0.8396400423582161,0.15811066347912464,4.784853853310968,0.12079075502988228,0.3376061499973676
2024-04-01,19.215293145539388,0.282339639666439,-0.18834575978579177,0.406891265957589,-0.8170853487790087,0.28245104151398465,2.264403314888747,3.0688452108406405,0.32018762670240114
2024-03-01,0.9359622990370277,-0.1305540663558016,-0.08714608503424129,-0.002558049640468807,-0.8086793943724299,0.04132677503638686,1.9803439703672694,0.04605532239392679,0.02235134337208172
2024-02-01,38.24107438522667,-0.9230445056015444,-0.2095193006567326,0.5941461018909977,-0.6540213266400953,0.18545310116963704,0.5739174910422831,0.22247368364720468,0.21415654998716796
2024-01-01,4.132849287411672,0.3910551721583602,-0.08785205825333015,0.7830063360687853,0.5101909100605866,0.33349866729526106,-0.15778345437802396,0.8157506645651121,0.41231807731195236
2023-12-01,-6.344043940736321,-0.13849283923844058,0.017364659685209113,0.4568891102847206,-1.790055933189781,0.37707664627380777,2.6931713128972605,0.18873336899908535,0.3278798595302258
2023-11-01,4.8956140903014,-0.012195787557778967,-0.22006517196116038,0.2821993330351556,-4.437091626852301,-0.11561268138947717,0.13010672701542159,1.2013770382736768,0.015514502791497218
2023-10-01,1.0,-0.12339467350490262,-0.27016552824370454,0.44340090710427094,-0.40418748524548165,0.08777404164556461,-0.4213682378461535,0.8172366976069307,0.13942156959902602
2023-09-01,-1.0,-0.04648832398545505,-0.3218138767303129,0.36958285571931504,-0.4647028939070802,0.17059829592401832,-0.06385435716816126,0.5768498750712068,0.15655465992599266
2023-08-01,-1.0,-0.25642742576893174,-0.2490177692832486,0.3694166595958053,0.5298417919066563,-0.09901458433534097,-0.6318520011694604,0.3710213279001044,-0.01076044720169489
2023-07-01,-1.0,0.07693507706239752,0.2268270995883261,1.6030529760734884,0.1988069720522154,0.053911175677959784,-0.2157332133772563,1.759400153896555,0.4322073719955561
2023-06-01,,0.11540936274726948,0.3632442690569152,1.2594037864185426,0.6291258740278662,0.19398481279046065,-0.4201727619696749,0.1852374942229572,0.431732128197977
2023-05-01,,0.11946010377422202,0.28933233436088396,1.2239389972669223,-0.413910789340634,0.18936169983875029,-0.5824101017407357,0.7824268878064146,0.38336549742612946
2023-04-01,,0.4255738874577273,0.08039359666275196,1.287455896333514,-0.10338044847598753,0.1161680021725142,0.16122320708289076,-0.555953695123824,0.3366226443639395
2023-03-01,,0.8927912362902183,-0.29616907123100367,1.2720558116604384,-0.46072514479777493,0.36539266758723904,-0.4586879025102142,1.090167574769674,0.4282853757465635
2023-02-01,,1.140886262905875,-0.5712583707427241,0.11791222367600117,-0.4160177551991842,1.3097912267693714,-0.3990959717729483,0.17636616056337828,0.30834740246408576
2023-01-01,,0.870515245280321,-0.7463687018454349,0.3454527698227959,,1.9146403638609821,0.22057462891713409,0.8155799583080933,0.20207563209513515
2022-12-01,,,,,,,,,
2022-11-01,,,,,,,,,
2022-10-01,,,,,,,,,
2022-09-01,,,,,,,,,
2022-08-01,,,,,,,,,
2022-07-01,,,,,,,,,
2022-06-01,,,,,,,,,
2022-05-01,,,,,,,,,
2022-04-01,,,,,,,,,
2022-03-01,,,,,,,,,
2022-02-01,,,,,,,,,
2022-01-01,,,,,,,,,
