Month,Caesars,DraftKings,Oddfellahs,Total
2026-06-01,,,23781.420000000002,23781.420000000002
2026-05-01,,,6397.398000000001,6397.398000000001
2026-04-01,,,508.2789999999977,508.2789999999977
2026-03-01,,,2244.440999999999,2244.440999999999
2026-02-01,,,5199.191000000002,5199.191000000002
2026-01-01,,,9432.110999999995,9432.110999999995
2025-12-01,144409.19300000017,,,144409.19300000017
2025-11-01,98115.63600000003,,,98115.63600000003
2025-10-01,84405.62400000001,,,84405.62400000001
2025-09-01,79127.282,,,79127.282
2025-08-01,66598.86399999997,,,66598.86399999997
2025-07-01,61177.66400000012,,,61177.66400000012
2025-06-01,53578.61800000002,,,53578.61800000002
2025-05-01,63279.129999999976,,,63279.129999999976
2025-04-01,92686.37999999998,,,92686.37999999998
2025-03-01,58732.60599999994,,,58732.60599999994
2025-02-01,48765.06999999998,,,48765.06999999998
2025-01-01,63631.466999999975,,,63631.466999999975
2023-03-01,,836882.6920000003,,836882.6920000003
2023-02-01,,410968.7709999996,,410968.7709999996
2023-01-01,,425913.9209999999,,425913.9209999999
