Month,Caesars,DraftKings,Oddfellahs,Oxford Sportsbook,Total
2026-03-01,1.3859959555482395,1.9866874517622881,52.868739157684196,,1.941360164247588
2026-02-01,0.2060093516258917,-0.033099992545151,3.5640596352407607,,0.003964057015894694
2026-01-01,0.28283239100065205,-0.030866419263558573,7.070110839752016,,0.010865395089526428
2025-12-01,1.8752561288829857,0.6127957528192965,7.19334984054346,,0.7992760217047096
2025-11-01,0.2040627750615952,-0.007383839981735122,-0.957485063892519,,0.0028030754093653783
2025-10-01,1.1529139167566311,0.6381802731549235,-0.6805443464687218,,0.6707275955081816
2025-09-01,0.018964630929670878,-0.33956466216550996,0.4296528518784802,,-0.29405181749022846
2025-08-01,0.5522035683463805,0.4272448470227685,,,0.4591449224050509
2025-07-01,-0.11172546279586162,-0.4432420175832723,,,-0.4013175773339463
2025-06-01,0.26920695408351986,0.29353690732947807,,,0.2974332121266801
2025-05-01,0.46684664057163516,0.5505513845062234,,,0.5497670319641941
2025-04-01,1.6334532883941415,0.2163906835426063,,,0.3520006836906217
2025-03-01,2.169399652692282,0.39177792126931643,,,0.5109059556626954
2025-02-01,0.24948654128790607,0.23185004222963193,,,0.2287048559637524
2025-01-01,-0.13988930205453282,0.34561682693218493,,,0.28144009116416135
2024-12-01,0.7825727545445003,-0.14865181800366145,,,-0.09098918347034984
2024-11-01,,,,,
2024-10-01,,,,,
2024-09-01,,,,,
2024-08-01,,,,,
2024-07-01,,,,,
2024-06-01,,,,,
2024-05-01,,,,,
2024-04-01,,,,,
2024-03-01,,,,,
2024-02-01,,,,,
2024-01-01,,,,,
2023-12-01,,,,,
