Week Ending,total,Total
2026-01-31,1514926.0,1514926.0
2026-01-24,1950835.0,1950835.0
2026-01-17,1836860.0,1836860.0
2026-01-10,1855852.0,1855852.0
2026-01-03,1626273.0,1626273.0
2025-12-20,1778909.0,1778909.0
2025-12-13,1330067.0,1330067.0
2025-12-06,1419887.0,1419887.0
2025-11-29,1654287.0,1654287.0
2025-11-22,1633667.0,1633667.0
2025-11-15,1389977.0,1389977.0
2025-11-08,1813228.0,1813228.0
2025-11-01,1800985.0,1800985.0
2025-10-25,1838331.0,1838331.0
2025-10-18,1658668.0,1658668.0
2025-10-11,1775155.0,1775155.0
2025-10-04,1886181.0,1886181.0
2025-09-27,1844847.0,1844847.0
2025-09-20,1818337.0,1818337.0
2025-09-13,1686452.0,1686452.0
2025-09-06,1521741.0,1521741.0
2025-08-30,1190044.0,1190044.0
2025-08-23,1058742.0,1058742.0
2025-08-16,954373.0,954373.0
2025-08-09,877793.0,877793.0
2025-08-02,893334.0,893334.0
2025-07-26,801882.0,801882.0
2025-07-19,735117.0,735117.0
2025-07-12,889107.0,889107.0
2025-07-05,873036.0,873036.0
2025-06-28,862789.0,862789.0
2025-06-21,917535.0,917535.0
2025-06-14,980282.0,980282.0
2025-06-07,980169.0,980169.0
2025-05-31,970545.0,970545.0
2025-05-24,1064168.0,1064168.0
2025-05-17,1215019.0,1215019.0
2025-05-10,1222773.0,1222773.0
2025-05-03,1242522.0,1242522.0
2025-04-26,1485411.0,1485411.0
2025-04-19,1141950.0,1141950.0
2025-04-12,1614066.0,1614066.0
2025-04-05,1652994.0,1652994.0
2025-03-29,1607706.0,1607706.0
2025-03-22,1595292.0,1595292.0
2025-03-15,1226030.0,1226030.0
2025-03-08,1160976.0,1160976.0
2025-03-01,949225.0,949225.0
2025-02-22,759957.0,759957.0
2025-02-15,1146268.0,1146268.0
2025-02-08,899732.0,899732.0
2025-02-01,1030966.0,1030966.0
2025-01-25,1165161.0,1165161.0
2025-01-18,1386789.0,1386789.0
2025-01-11,1571386.0,1571386.0
2025-01-04,1530938.0,1530938.0
