Week Ending,Baseball,Basketball,Boxing,Football,Golf,Ice Hockey,MMA,NASCAR,Other,Soccer,Specials,Table Tennis,Tennis,Total
2026-02-14,,728757.0,,479576.0,17265.0,37977.0,,7545.0,11067.0,68909.0,23867.0,9274.0,15110.0,1399347.0
2026-02-07,,917859.0,,380894.0,17073.0,95833.0,20934.0,,3648.0,69643.0,16943.0,14713.0,11001.0,1548541.0
2026-01-31,,844984.0,,359075.0,9470.0,125702.0,56889.0,,2208.0,46820.0,16900.0,8103.0,44773.0,1514924.0
2026-01-24,,790854.0,,816026.0,7557.0,112279.0,95699.0,,3392.0,67459.0,21571.0,4123.0,31875.0,1950835.0
2026-01-17,,536763.0,,1032510.0,4450.0,118749.0,4738.0,,993.0,88062.0,26198.0,11365.0,13033.0,1836861.0
2026-01-10,,537755.0,,1095738.0,636.0,99088.0,5590.0,,447.0,72653.0,29739.0,8189.0,6016.0,1855851.0
2026-01-03,,366056.0,,1107815.0,113.0,89601.0,923.0,,27.0,31874.0,21525.0,7761.0,578.0,1626273.0
2025-12-27,,283351.0,,985199.0,1019.0,53542.0,170.0,160.0,74.0,34317.0,27404.0,7108.0,,1392344.0
2025-12-20,,380465.0,138.0,1181707.0,1425.0,87319.0,,,91.0,86887.0,30759.0,9320.0,800.0,1778911.0
2025-12-13,,351991.0,,747559.0,1690.0,92719.0,9808.0,,198.0,94014.0,20063.0,10106.0,1920.0,1330068.0
2025-12-06,,362005.0,,852195.0,3404.0,77715.0,22872.0,,756.0,62172.0,25341.0,8108.0,5321.0,1419889.0
2025-11-29,,409350.0,,1080878.0,1747.0,70159.0,4414.0,,259.0,52364.0,30008.0,3396.0,1712.0,1654287.0
2025-11-22,,407970.0,,1045942.0,4110.0,75308.0,13935.0,,2185.0,43428.0,29245.0,6324.0,5219.0,1633666.0
2025-11-15,,409535.0,,811055.0,2903.0,75728.0,32228.0,,89.0,25576.0,22796.0,3806.0,6262.0,1389978.0
2025-11-08,,502120.0,,1088842.0,6067.0,73691.0,7339.0,,1625.0,81287.0,30348.0,4240.0,17669.0,1813228.0
2025-11-01,224030.0,392398.0,,969602.0,,79024.0,6101.0,,2943.0,62501.0,39140.0,4905.0,20341.0,1800985.0
2025-10-25,163507.0,229345.0,,1183719.0,4691.0,85426.0,20815.0,,6066.0,86461.0,41765.0,,16536.0,1838331.0
2025-10-18,254429.0,44517.0,,1139583.0,,84766.0,25755.0,4532.0,5399.0,39903.0,32391.0,,27394.0,1658669.0
2025-10-11,377156.0,77720.0,,1133652.0,,70319.0,17410.0,,3706.0,31906.0,30269.0,9507.0,23510.0,1775155.0
2025-10-04,441325.0,67865.0,,1158707.0,,12261.0,57288.0,,7864.0,82045.0,27892.0,11438.0,19497.0,1886182.0
2025-09-27,331954.0,39771.0,,1297218.0,17243.0,8531.0,9418.0,,8080.0,93191.0,24185.0,,15258.0,1844849.0
2025-09-20,386750.0,78262.0,,1209383.0,4122.0,,3041.0,,3250.0,81442.0,28937.0,13804.0,9348.0,1818339.0
2025-09-13,346810.0,51123.0,22013.0,1127433.0,,,13127.0,,6635.0,72583.0,22891.0,8113.0,15725.0,1686453.0
2025-09-06,411782.0,118504.0,,806572.0,,,20550.0,3230.0,2876.0,70003.0,25144.0,11623.0,51458.0,1521742.0
2025-08-30,483849.0,113084.0,,407075.0,3310.0,,2455.0,,2908.0,90501.0,14060.0,9047.0,63757.0,1190046.0
2025-08-23,571284.0,133967.0,,188811.0,18887.0,,8963.0,,5715.0,59638.0,13266.0,24091.0,34120.0,1058742.0
2025-08-16,557809.0,102383.0,,88214.0,13807.0,,74837.0,,3430.0,70601.0,11181.0,8616.0,23496.0,954374.0
2025-08-09,510547.0,88091.0,,140649.0,9989.0,,11299.0,,5264.0,53657.0,10381.0,18550.0,29366.0,877793.0
2025-08-02,574052.0,155283.0,,20165.0,11803.0,,15102.0,,3875.0,45668.0,12778.0,20041.0,34567.0,893334.0
2025-07-26,531686.0,103577.0,,14781.0,8791.0,,20367.0,,4066.0,45866.0,11402.0,26940.0,34408.0,801884.0
2025-07-19,277701.0,185016.0,,8312.0,50645.0,,83417.0,,5028.0,75384.0,9867.0,7170.0,32577.0,735117.0
2025-07-12,619809.0,115825.0,,9395.0,15243.0,,22600.0,,5493.0,45139.0,12818.0,4929.0,37856.0,889107.0
2025-07-05,626975.0,65692.0,,7305.0,8581.0,,,2597.0,5492.0,80598.0,10633.0,9041.0,56122.0,873036.0
2025-06-28,490108.0,183315.0,,5470.0,9388.0,,73837.0,,6264.0,52531.0,11706.0,16245.0,13926.0,862790.0
2025-06-21,499692.0,257947.0,,,7352.0,30823.0,19465.0,,9676.0,56625.0,13368.0,5530.0,17056.0,917534.0
2025-06-14,475057.0,256907.0,,7773.0,42881.0,88770.0,22432.0,,8619.0,47409.0,17973.0,,12462.0,980283.0
2025-06-07,496252.0,183910.0,,6340.0,12275.0,62503.0,128628.0,,9841.0,34283.0,17118.0,,29020.0,980170.0
2025-05-31,374703.0,381122.0,,,10267.0,75528.0,8117.0,3315.0,6726.0,57625.0,22152.0,,30992.0,970547.0
2025-05-24,454870.0,362699.0,,3546.0,9769.0,115008.0,,4212.0,3770.0,67604.0,15851.0,,26838.0,1064167.0
2025-05-17,437161.0,468197.0,,,40941.0,144415.0,10313.0,,8556.0,62362.0,14893.0,5944.0,22236.0,1215018.0
2025-05-10,397584.0,547316.0,,,7586.0,137602.0,21787.0,4415.0,9423.0,54576.0,14681.0,,27802.0,1222772.0
2025-05-03,373692.0,589993.0,,,7527.0,152587.0,20476.0,4528.0,8157.0,50808.0,17189.0,,17566.0,1242523.0
2025-04-26,310623.0,863458.0,,30610.0,8608.0,150853.0,16025.0,,9610.0,40077.0,20034.0,,35514.0,1485412.0
2025-04-19,386656.0,513830.0,,18918.0,22437.0,87308.0,,,4893.0,66925.0,12206.0,4876.0,23901.0,1141950.0
2025-04-12,352025.0,841807.0,,21304.0,110324.0,126064.0,72209.0,,10425.0,59426.0,12925.0,,7560.0,1614069.0
2025-04-05,319395.0,1062567.0,,10420.0,19240.0,114549.0,13107.0,,7695.0,44934.0,33608.0,,27481.0,1652996.0
2025-03-29,156454.0,1186515.0,,9234.0,10254.0,120863.0,15905.0,,9922.0,55337.0,21013.0,,22209.0,1607706.0
2025-03-22,19713.0,1345622.0,,,13110.0,108037.0,12271.0,5057.0,5781.0,41820.0,17383.0,,26499.0,1595293.0
2025-03-15,8810.0,980487.0,,,27694.0,108325.0,11967.0,5187.0,9281.0,43994.0,15825.0,,14461.0,1226031.0
2025-03-08,16728.0,804911.0,,,18836.0,120359.0,58196.0,5912.0,4947.0,85851.0,15612.0,,29625.0,1160977.0
2025-03-01,10104.0,691010.0,,,18951.0,95592.0,13474.0,6153.0,6309.0,62951.0,14354.0,,30329.0,949227.0
2025-02-22,4843.0,547725.0,,,13071.0,73645.0,15248.0,10214.0,4684.0,62517.0,8684.0,,19325.0,759956.0
2025-02-15,,477898.0,,474614.0,17009.0,38681.0,10773.0,7817.0,7942.0,66160.0,24271.0,,21104.0,1146269.0
2025-02-08,,399952.0,,296257.0,13562.0,85692.0,38223.0,780.0,2098.0,33740.0,17426.0,,12002.0,899732.0
2025-02-01,,477443.0,,375046.0,11448.0,86773.0,17448.0,,1583.0,35902.0,13502.0,1491.0,10329.0,1030965.0
2025-01-25,,401345.0,24754.0,568807.0,8099.0,69933.0,2668.0,,2925.0,54134.0,21736.0,,10762.0,1165163.0
2025-01-18,,370886.0,,822295.0,7523.0,65273.0,34296.0,,736.0,50320.0,18399.0,816.0,16245.0,1386789.0
2025-01-11,,327277.0,,1050044.0,4793.0,84744.0,8367.0,,676.0,56841.0,22127.0,2895.0,13621.0,1571385.0
2025-01-04,,279000.0,,1113127.0,2535.0,74696.0,610.0,,663.0,26879.0,21341.0,1168.0,10920.0,1530939.0
