Month,Baseball,Basketball,Boxing,Football,Golf,Ice Hockey,MMA,NASCAR,Other,Soccer,Specials,Table Tennis,Tennis,Total
2026-02-01,62047.0,3467145.0,,866057.0,62586.0,359497.0,72373.0,,75423.0,293890.0,59115.0,62826.0,,5380959.0
2026-01-01,,2895429.0,,3780247.0,22182.0,494732.0,162383.0,,7061.0,288911.0,102774.0,34284.0,96290.0,7884293.0
2025-12-01,,1526198.0,,4144370.0,7569.0,356838.0,33584.0,,1166.0,290893.0,110832.0,39541.0,8084.0,6519075.0
2025-11-01,58501.0,1831006.0,,4592825.0,,317258.0,64481.0,,19830.0,220139.0,125718.0,19142.0,32573.0,7281473.0
2025-10-01,1259129.0,732834.0,,4827998.0,,316534.0,119150.0,,24348.0,251508.0,151945.0,25072.0,100339.0,7808857.0
2025-09-01,1568915.0,316544.0,,4863091.0,28542.0,,49272.0,,46930.0,334983.0,110964.0,44805.0,91584.0,7455630.0
2025-08-01,2338430.0,489024.0,,909989.0,47334.0,,110900.0,,20974.0,307304.0,54909.0,68787.0,162906.0,4510557.0
2025-07-01,2325341.0,555791.0,,54261.0,93002.0,,130238.0,,21714.0,256702.0,50708.0,59357.0,177056.0,3724170.0
2025-06-01,2102435.0,910952.0,,,72522.0,182119.0,244536.0,,48315.0,216490.0,63211.0,32516.0,84595.0,3957691.0
2025-05-01,1854359.0,1950387.0,,,70030.0,533177.0,60025.0,,38678.0,268555.0,74983.0,17333.0,113801.0,4981328.0
2025-04-01,1478731.0,3417785.0,,78718.0,165904.0,528890.0,104639.0,,37999.0,225372.0,69951.0,,99196.0,6207185.0
2025-03-01,276967.0,4715559.0,,,72842.0,516330.0,107516.0,23865.0,40212.0,253267.0,89885.0,,103677.0,6200120.0
2025-02-01,,2115638.0,,784283.0,61364.0,291334.0,75999.0,23562.0,31279.0,215449.0,63780.0,,80538.0,3743226.0
2025-01-01,,1615502.0,25021.0,3325866.0,33223.0,331704.0,56029.0,,10863.0,211525.0,87325.0,,53845.0,5750903.0
