Month,Bally Bet,BetMGM,Caesars,DraftKings,FanDuel,Fanatics,MGM Springfield,Plainridge Park Casino,theScore Bet,Total
2026-03-01,444660.05,5163228.22,1892042.74,33457029.81,19040761.87,4767784.21,46356.75,365323.4,,65177187.05
2026-02-01,350414.5,5168622.08,1909611.64,43250045.25,19703230.96,4578852.62,131429.7,531673.72,,75623880.47
2026-01-01,539903.95,4672957.7,1630509.32,45822362.73,23680713.57,5805897.37,33256.45,75382.43,1906501.09,84167484.61
2025-12-01,408678.77,5634298.58,1659879.35,54544205.08,26081081.59,10355338.66,254803.15,462964.75,2404704.21,101805954.14
2025-11-01,371722.58,6791097.14,1891907.27,48075598.27,31691670.27,5098994.8,166854.9,474079.18,2155949.13,96717873.53999999
2025-10-01,326408.22,3701072.05,1487578.66,39593802.3,17886558.64,7671460.31,0.0,320002.01,2197260.68,73184142.87
2025-09-01,271318.57,4245653.91,1136571.74,27073592.82,16410325.21,3314545.23,0.0,177716.79,1413155.17,54042879.44
2025-08-01,347526.57,4786160.71,1165552.12,29360073.48,14105513.87,5120604.78,0.0,,1551521.84,56436953.370000005
2025-07-01,323994.07,4510974.75,802091.25,24894571.74,12551329.66,4545656.47,101959.4,250759.72,1015809.42,48997146.480000004
2025-06-01,237234.53,5275504.51,1272757.76,32062557.2,17781569.63,4708865.3,174417.05,249476.69,1511736.8,63274119.47
2025-05-01,223343.56,5024553.4,1755610.18,42425523.48,23469422.29,5898428.36,152924.85,292822.9,2678427.65,81921056.67
2025-04-01,184220.12,4068780.82,752304.53,38608176.63,18372144.3,3254693.89,0.0,122055.39,1878390.57,67240766.25
2025-03-01,192450.29,4261194.83,1766526.14,29354745.2,14316748.28,2257839.97,0.0,76816.11,1753040.28,53979361.1
2025-02-01,286550.77,4841002.6,639848.51,36781043.99,19579074.86,3125705.16,155024.0,101070.85,1599445.88,67108766.62
2025-01-01,505854.1,5614632.54,1277556.61,52686176.28,29322155.88,3601860.14,0.0,423276.81,2404990.44,95836502.8
2024-12-01,360210.04,4204915.83,1061799.82,30493407.73,19417170.97,2583119.81,0.0,74946.32,1223256.21,59418826.73
2024-11-01,555573.13,5153946.16,1429470.67,45127702.19,25057743.52,1789979.9,4042.75,550320.02,2346039.76,82014818.10000001
2024-10-01,365632.53,3705401.44,1268475.11,25402536.9,15674886.84,2089214.71,219221.8,0.0,1589966.84,50315336.17
2024-09-01,493362.73,5572538.45,1447380.81,39642237.22,22495728.07,1926747.87,232456.65,578074.16,2226270.75,74614796.71000001
2024-08-01,228456.75,2352614.71,713939.11,16805236.75,10958697.51,1615665.2,68293.3,204086.59,1359174.29,34306164.21
2024-07-01,117664.41,2828972.64,964044.53,20809675.4,13154770.66,2284521.84,45000.0,368144.1,1534292.1,42107085.68
2024-06-01,,2395699.62,32050.2,19983522.81,16848153.72,1740673.03,22856.15,0.0,1246252.16,42269207.69
2024-05-01,,3129781.0,,29058188.96,20274526.14,1762959.98,0.0,142486.48,2521248.65,56889191.21
2024-04-01,,2500699.13,712756.06,24477108.76,20070764.15,1229290.71,0.0,149405.14,1830123.74,50970147.690000005
2024-03-01,,3062801.08,1352696.41,23468356.12,15660228.59,952650.52,35848.5,456296.7,2579715.44,47568593.36
2024-02-01,,3392063.27,688719.09,31465543.4,14419974.68,1097094.27,246641.45,271384.2,2232064.2,53813484.56
2024-01-01,,3964823.31,1088507.79,36921642.76,25586987.66,1098715.59,193487.5,338887.25,2048912.82,71241964.67999999
2023-12-01,,3177818.24,1072083.88,30716429.13,19799511.03,947951.96,264387.35,552282.16,4206107.73,60736571.480000004
2023-11-01,,3089931.44,406738.64,27190108.87,12565340.3,729658.63,75172.95,33175.91,5808627.6,49898754.34
2023-10-01,,4362966.2,1309802.99,34253687.59,15907859.26,1289854.14,168232.6,368944.65,1479575.82,59140923.25000001
2023-09-01,,3687266.87,1640430.39,28228841.82,14213751.46,577200.52,289319.95,282698.6,974737.88,49894247.49
2023-08-01,,2456145.77,594078.57,11177837.41,7624926.89,553718.97,67215.8,158024.07,523933.11,23155880.589999996
2023-07-01,,2533553.89,806058.45,14739006.62,10103190.77,226230.1,74312.67,160887.97,391802.47,29035042.939999998
2023-06-01,,3602188.61,687023.52,15436370.44,11211444.14,224685.99,37429.45,45509.62,1062640.6,32307292.370000005
2023-05-01,,5478632.7,1582168.08,30625273.26,20025991.82,,0.0,233021.66,1830231.38,59775318.90000001
2023-04-01,,4718354.44,1681749.75,28961247.87,22099457.2,,0.0,374586.72,1960763.33,59796159.31
2023-03-01,,7427641.0,1855139.9,16119770.77,16342642.48,,176774.25,627096.66,2969195.7,45518260.760000005
2023-02-01,,,,,,,266556.6,319402.93,,585959.53
2023-01-01,,,,,,,11317.05,53758.54,,65075.59
