Month,Bally Bet,BetMGM,Caesars,DraftKings,Encore Boston Harbor,FanDuel,Fanatics,MGM Springfield,Plainridge Park Casino,theScore Bet,Total
2025-12-01,0.08852316364639307,0.1116928142191702,0.06516738498967023,0.12187575194421252,0.11657979399737822,0.1289707229063814,0.1307534341147018,0.21671798700056868,0.09712335922135758,0.09981306937988578,0.12123381373100411
2025-11-01,0.06276018325826058,0.10942244870512927,0.06536555132442046,0.10103920801179841,0.09857762168845591,0.13462512733771984,0.0775121278329066,0.09631780652378838,0.09718272456089319,0.07738011357455633,0.10641614957455046
2025-10-01,0.06825298358396491,0.06733710590776232,0.059500362473240455,0.08848832030774054,0.05160097466027611,0.07538933750632736,0.09308062571726809,0.0,0.05974265850931343,0.07928850484398539,0.0823726898830891
2025-09-01,0.06633872947494455,0.08267053768452275,0.046246381022371344,0.0660999330096792,0.045918705396156036,0.08519199477438114,0.039860401084965566,0.0,0.03686278309817338,0.05896711547129392,0.0678240011688485
2025-08-01,0.08347711356971502,0.10354090072327943,0.07026255800918504,0.1064273202590865,0.10206967727610662,0.10909160735722416,0.10339346904174453,0.0,,0.09836462125982891,0.10476047403683372
2025-07-01,0.08697827872897679,0.11884741242820547,0.05430951792335715,0.10551628952034377,0.06578518309941125,0.10324788173535812,0.08220982254420384,0.1189342560085424,0.12837972902703268,0.0728611082482218,0.10056804243887968
2025-06-01,0.05956116678446696,0.11524078163988274,0.07235511043846064,0.12047117708917494,0.046701432632538044,0.1279704466484858,0.12442449406123358,0.16813592885152212,0.10743134772135833,0.0994620663541789,0.11911403294821912
2025-05-01,0.04587711304731918,0.10210356706984576,0.08500204050194952,0.1282396489029108,0.11187125920954437,0.1365473342662981,0.12732770134357604,0.10408595898944534,0.08079684156293616,0.12208586495308525,0.12577143156376897
2025-04-01,0.04193964717956716,0.07384598870435412,0.035573217016861454,0.1125688593687438,0.07766862562110627,0.09883919239977862,0.06596950411648776,0.0,0.03899283099661102,0.08651202801983168,0.0979719995704579
2025-03-01,0.03739910196117447,0.05913737061606582,0.06729660899683285,0.07824666432970688,0.04734255399725678,0.06870937680528624,0.04670762280058868,0.0,0.02307949630321326,0.0661168871467412,0.07022646885984647
2025-02-01,0.07625741066753762,0.08873799900595457,0.03036330589909129,0.11602291890750888,0.0,0.11712245383941815,0.09458054413100299,0.11819644142738611,0.030608461880549127,0.0727940722795694,0.10683204111376948
2025-01-01,0.10665060306763988,0.08888099036515006,0.05543525772246701,0.13969899621803805,0.08584101991374829,0.13496187843468857,0.09540011868230293,0.0,0.1135292682995584,0.08454067089411822,0.12636568649334978
2024-12-01,0.07958995426274885,0.06464030704278984,0.04343416943724158,0.08364017005261587,0.0,0.08040463982618712,0.055044618215679644,0.0,0.017469008114136184,0.04105167638392136,0.07537198629727139
2024-11-01,0.09767253911009652,0.08803420779682723,0.061232007319747664,0.1174636742408998,0.07858499112960457,0.11103202264019695,0.047877531903853875,0.002635375186587529,0.11197948589286326,0.08028296191446309,0.10618163883526918
2024-10-01,0.07176343546898142,0.07461781667890081,0.059968922544311354,0.06626064567647465,0.0009187603493444948,0.07274524206963787,0.05929990368701324,0.14035402446590903,0.0,0.06356483437732649,0.06726862577736442
2024-09-01,0.10549381511825816,0.12223948178661673,0.07414301846368923,0.111606358631489,0.13914507559616796,0.1233276940131594,0.05082613702979421,0.16764319912921785,0.1354342945144309,0.09950912184209108,0.1110425741790285
2024-08-01,0.09385912071437773,0.07560174421690379,0.04462589490418381,0.07326518139264718,0.04726890654157441,0.09267604732719627,0.06247808168746962,0.08741773462556163,0.07466972209440051,0.0814856818402605,0.07712368367142007
2024-07-01,0.048699798870663946,0.10271287066184918,0.0728610158340088,0.10298093791244997,0.035916403472442904,0.1096787303156055,0.10903253173240748,0.06247711341852204,0.1552555436289872,0.08051855158843682,0.10255837261133925
2024-06-01,,0.07040068178691102,0.0016326581186956938,0.07579236649210731,0.03397647823394678,0.1191157747238869,0.08634752020252003,0.02212309141071483,0.0,0.05719027681587442,0.08329610181883985
2024-05-01,,0.07964254626481551,,0.09701381330351055,0.10084454708119518,0.11757457554108074,0.08885625850827754,0.0,0.039853722456765536,0.0974115228716772,0.10127751713650666
2024-04-01,,0.06186261474590729,0.0356877389080723,0.0804852585876476,0.031275858836061946,0.11383151567860235,0.05396560147477861,0.0,0.03218627291699854,0.06559162810486754,0.0847591475299112
2024-03-01,,0.06733801503656554,0.05368807537319664,0.07265421615056407,0.04759900721104127,0.08223158541168378,0.040170492695666866,0.015611090687379203,0.09748930492607619,0.07498794964785326,0.07304584305116633
2024-02-01,,0.09771446519492855,0.03753511271726348,0.11663539117118903,0.046792128155910835,0.09077596953017371,0.07734263706692347,0.15547175541607614,0.048496547900879476,0.07289339044212499,0.10032984794263149
2024-01-01,,0.10771570593629223,0.04830348571149719,0.11856112800010628,0.11579006268794188,0.1318702478523995,0.07081074076104636,0.10279461904735215,0.05893322361869461,0.04512478362425581,0.11251722272443196
2023-12-01,,0.08116838085701729,0.044288996995022166,0.09724736196470328,0.08078315266222623,0.10567963435668147,0.06940320077133413,0.1377112016780944,0.07630555323194287,0.0841525130398417,0.09485422132532786
2023-11-01,,0.07936313410365703,0.014851086082042936,0.08497053259354077,0.043677447611058566,0.06921337357542354,0.046117203328539254,0.025612775752218844,0.004295651569495515,0.14862051176285154,0.07839194744049015
2023-10-01,,0.12458196035875078,0.07130414595458708,0.11239405357503056,0.058120613951523084,0.1022599559766982,0.08675075352070649,0.08840572360803076,0.06314514896125836,0.1064932629937243,0.10675199977127699
2023-09-01,,0.10995926774868568,0.0904445359213856,0.09729313725021622,0.038862504362374775,0.11657338671144953,0.06488903269288868,0.1829445760420593,0.06128251463480629,0.07525146106591034,0.10067174857934569
2023-08-01,,0.1156563429776664,0.04064171732258092,0.06903224716739156,0.0,0.09600609068076232,0.12581115879890734,0.07364894715527685,0.05632881395179952,0.03182489417749447,0.07573740491259687
2023-07-01,,0.11279399119553152,0.0710577247316161,0.10174219678985763,0.11060145215720775,0.1164900535352188,0.09610856821462455,0.12241685783146104,0.0543141725454311,0.03351990066180836,0.10268295741146223
2023-06-01,,0.14416897599705591,0.054148331552067906,0.09399450485068607,0.02026610561513005,0.11669713513086705,0.11841194775689043,0.04182175469364751,0.014747211851218932,0.06461075078654473,0.09974071289347611
2023-05-01,,0.15675561586238485,0.07883072678526597,0.13851483426214212,0.2055636728416181,0.14797881572271754,,0.0,0.08439770527526558,0.11420990286767188,0.13934186744837984
2023-04-01,,0.10982965704490676,0.08660223439215253,0.10203445436228423,0.03141283210295586,0.12801797678839089,,0.0,0.11041865704015302,0.0797703306252987,0.10791040819390753
2023-03-01,,0.16406995760354176,0.11312929185806282,0.06256842155542507,0.05220648687025158,0.09024836308986184,,0.10648755798069577,0.12835055578686025,0.10063118224743858,0.08405428201731381
2023-02-01,,,,,0.05329887634626368,,,0.150890204691604,0.0553717751875374,,0.06084355681670708
2023-01-01,,,,,0.0,,,0.3230243992663265,0.6490187369409501,,0.1331478317304928
