Month,BetMGM,Caesars,DraftKings,ESPN Bet,FanDuel,Fanatics,Others,Rush Street Interactive,Total
2026-01-01,8074047.829999998,1083604.9499999993,16184347.47999999,1711157.4899999984,22840141.53,4436595.140000001,3115478.8600000003,591014.8299999991,58036388.109999985
2025-12-01,10028575.879999995,1457284.120000001,21545210.519999996,2885349.420000002,34304920.96000001,6335715.990000002,6580144.539999999,884903.2399999993,84022104.67
2025-11-01,10445796.439999998,1931308.4299999997,23794452.51999998,3434535.030000001,39288179.650000006,6604771.890000001,673202.8300000005,1128203.1900000013,87300449.97999999
2025-10-01,10658931.959999993,2073618.0599999987,21420928.839999974,3586006.25,29882785.79000002,4634936.410000004,474060.8399999997,1079995.1099999994,73811263.26
2025-09-01,6835635.159999996,1203785.5900000036,10643073.680000007,2222952.009999998,18257527.810000002,3291508.75,502744.48000000033,628570.9900000002,43585798.470000006
2025-08-01,6771134.840000004,1280214.0,15726906.440000013,2074517.7799999993,17847141.439999998,4202118.18,537485.8199999996,825661.7999999998,49265180.30000001
2025-07-01,5208774.740000002,812451.6300000008,9440073.939999998,1466594.6099999994,14116838.230000004,2085935.6700000018,367983.8500000001,577323.0800000001,34075975.75000001
2025-06-01,5365818.3999999985,1139316.4100000001,13065526.269999996,1464850.8000000007,18459108.71000001,3952890.84,399778.39,776298.2600000007,44623588.080000006
2025-05-01,7421774.330000006,1353213.8500000015,12493946.710000008,1789254.789999999,22570708.220000014,3351129.7700000033,371099.8799999999,606064.2400000002,49957191.79000004
2025-04-01,5802186.340000004,1106965.3399999999,10467171.079999998,1964304.3200000003,19118628.22999999,3314226.3099999987,241156.8399999999,608331.3800000008,42622969.839999996
2025-03-01,3892522.829999998,734245.6099999994,9527144.780000001,1396490.8399999999,14052310.530000001,2296768.41,379057.28000000055,691273.3499999996,32969813.630000003
2025-02-01,4910625.010000005,-78978.62000000104,12853474.620000005,1701211.2799999993,23728141.049999982,2257132.8500000015,176603.55999999965,442852.39999999944,45991062.14999999
2025-01-01,10281961.00999999,1680611.6400000006,22050793.430000007,2655956.4899999984,40610149.41,4307361.190000001,398368.1799999998,1049299.5700000003,83034500.91999999
2024-12-01,3154697.430000007,1237316.5700000003,5989327.930000007,458099.41000000015,7198399.5,1550452.0899999999,320163.1000000001,297977.48000000045,20206433.510000017
2024-11-01,9659311.649999991,553234.7099999934,18371715.98000002,2437688.170000002,22060738.24000001,4075994.240000002,327091.5600000003,793185.7999999989,58278960.35000002
2024-10-01,4646185.680000007,1163701.8600000031,6530037.060000002,1783609.0500000007,16975687.360000014,1262457.5500000007,232193.6000000001,438002.8599999994,33031875.02000003
2024-09-01,9293137.739999995,1835003.6099999994,17380437.900000006,1797123.8399999999,24364237.75,2771460.5700000003,525431.0500000003,477951.3799999999,58444783.84
2024-08-01,4643822.400000006,901513.7199999988,7587155.229999989,1099457.789999999,11109914.219999993,1250312.3200000003,154248.00000000023,611717.8000000007,27358141.479999986
2024-07-01,4063710.1400000006,974523.0399999991,7983996.529999994,1524115.8499999996,12154927.849999996,1930548.4799999986,422438.5199999999,366419.88999999966,29420680.299999986
2024-06-01,3617038.9399999976,817747.5999999996,8304842.310000002,1412682.2199999988,14756185.240000002,1321034.0600000005,291919.55000000005,386125.20999999903,30907575.130000003
2024-05-01,5468188.5,1514061.6600000001,10984807.75,2033633.870000001,18234694.610000003,1794925.6400000006,487522.77000000025,380014.39999999985,40897849.2
2024-04-01,5668847.549999997,1182970.2700000033,10505841.230000004,2169562.2399999984,20370218.389999997,881654.4199999999,683512.6300000001,400991.42999999993,41863598.160000004
2024-03-01,6104030.029999994,1451220.080000002,10861414.569999993,2415912.3000000007,18626833.99999999,1357441.450000003,459781.43000000005,652962.4299999988,41929596.28999998
2024-02-01,3611388.0600000024,64945.94000000134,10058442.730000004,1968661.4100000001,13865857.38,436068.33999999985,-17420.26000000014,493615.1599999998,30481558.76000001
2024-01-01,5829206.960000008,987123.3000000045,10948099.359999985,1131607.0,26692323.389999997,989310.4800000004,344964.84000000014,754153.9299999984,47676789.26
2023-12-01,8627334.709999993,874916.3800000027,17474897.370000005,5685482.660000004,26350821.289999988,1081639.6399999987,693018.1100000003,337531.5800000011,61125641.739999995
2023-11-01,4507461.370000005,1956233.4399999976,10592580.460000008,6090262.219999999,9719667.77,571955.379999999,725895.9699999997,-237140.20000000036,33926916.410000004
2023-10-01,6897742.349999994,-306455.97000000626,16292388.290000007,1283595.1799999997,20488703.35000001,360636.76999999955,735187.8500000001,-749274.9699999997,45002522.85
2023-09-01,7797491.090000004,3433175.0699999966,11693855.199999988,939215.1099999994,16885889.599999983,761754.0600000005,576008.7300000002,1898938.8199999984,43986327.67999997
2023-08-01,3667518.7299999967,1945378.0500000007,5583982.68,900529.4199999999,9384960.879999999,567461.5499999998,435120.3599999999,668176.4899999993,23153128.159999996
2023-07-01,4114831.84,737797.4600000009,5563546.160000004,1013429.5200000005,9029648.149999997,631633.7500000005,722786.0799999997,686025.27,22499698.23
2023-06-01,2934943.1400000006,896370.879999999,2099409.1300000027,728563.6800000016,10171529.729999999,388310.54000000004,571685.8499999996,516242.7000000001,18307055.650000002
2023-05-01,6324215.780000001,89831.41299999878,7844466.430000007,1312497.5500000007,17584385.419999987,812916.2699999996,706533.1599999997,529851.87,35204697.892999984
2023-04-01,6355614.859999999,840446.8000000007,9196470.840000004,433124.3800000008,17358260.369999994,868170.96,744077.9200000005,493538.18000000017,36289704.31
2023-03-01,9721420.07,1611368.3200000003,8807719.50999999,1864973.75,20062618.39999999,858894.1300000008,947770.89,710467.0499999998,44585232.11999998
2023-02-01,3121738.3100000024,1149052.629999999,3234975.430000007,116314.47000000253,13919485.690000001,472239.3400000008,512153.7399999995,132855.9699999999,22658815.58000001
2023-01-01,3404669.4600000083,1921386.009999998,6622097.209999993,-66576.92000000179,19904356.85999999,609091.9500000011,598109.8600000002,643115.9899999998,33636250.41999999
2022-12-01,11340980.700000003,3292290.8000000007,8862510.060000002,1342269.0600000012,21119345.27,879050.8499999996,1711092.8800000006,252644.94000000053,48800184.56000001
2022-11-01,8575295.180000007,2186736.610000003,6684212.099999994,1211708.4699999974,19976793.6,1238674.3899999987,491911.9100000005,480800.8799999994,40846133.140000015
2022-10-01,9953939.149999991,2945776.9399999976,9888156.469999999,3466486.6799999974,20875895.929999996,1017329.9400000013,729049.1899999995,352987.01,49229621.30999998
2022-09-01,9802053.929999992,2369754.8900000006,10519749.659999996,3302469.4099999983,18979100.800000004,1269004.1300000008,1026560.4999999993,541547.1999999996,47810240.519999996
2022-08-01,5087717.340000002,1687385.0600000005,6278380.580000006,1111255.3799999997,7698371.019999996,908619.5999999996,828179.9599999998,392417.75999999966,23992326.700000003
2022-07-01,5565255.919999996,1139116.1300000008,4652833.280000001,1258683.1,7743922.809999998,407921.6099999994,572195.97,276554.15999999974,21616482.979999993
2022-06-01,4944352.13,-289431.6700000018,1711519.2399999946,1662221.71,6009618.72,653277.9000000004,397249.5600000002,275587.82,15364395.409999993
2022-05-01,8798501.199999994,710948.9600000009,5020855.07,1863649.630000003,15155248.789999994,852215.4299999997,669429.69,453923.65999999945,33524772.429999992
2022-04-01,7290754.570000006,1169963.289999999,3848112.719999999,1122049.0600000022,15619915.759999998,842099.7699999996,583081.7,261748.4700000006,30737725.340000004
2022-03-01,9286742.760000011,2037406.7199999988,3324939.6400000006,418870.40000000043,13234754.910000004,979518.8300000001,842038.6600000004,351813.9600000007,30476085.880000014
2022-02-01,5967282.819999994,1682832.309999995,4000114.3400000036,4509889.48,4784141.530000004,717523.040000001,653092.81,188533.40999999997,22503409.739999995
2022-01-01,10890973.490000002,1159229.6400000006,5916912.409999996,2752363.380000003,12290630.759999994,1096061.0700000003,414105.7100000001,155218.9999999996,34675495.46
2021-12-01,9388583.469999995,2605564.280000001,7326019.090000004,2633570.4900000026,9613197.489999996,1918843.830000002,728743.5000000003,550026.2200000003,34764548.370000005
2021-11-01,12690867.850000003,3474687.6400000006,13123232.269999996,2969893.1500000022,18334573.83000001,1636391.9400000013,1360941.7800000007,529441.5299999996,54120029.99000001
2021-10-01,7489128.490000001,1044533.0799999982,2915213.1899999976,839273.3800000036,10338174.47,669281.4999999981,795311.0499999998,214051.5400000005,24304966.7
2021-09-01,8791182.149999999,596927.7700000033,3019482.170000002,1636038.1699999992,7172627.8,1519337.3499999996,627456.5399999999,312458.5399999999,23675510.490000002
2021-08-01,3861007.8900000015,162382.75,4382518.82,741706.9599999989,4812124.53,939616.6300000008,751509.47,236884.0599999999,15887751.110000001
2021-07-01,4959417.350000006,252707.7999999998,3090122.3699999973,1428406.2700000003,7821987.969999996,849523.5899999999,928144.1200000002,224088.64999999988,19554398.119999997
2021-06-01,6128045.530000003,598641.2999999998,4962293.240000002,1826446.5300000003,10257353.99000001,911170.459999999,157429.8100000003,107479.79000000027,24948860.65000001
2021-05-01,5254877.610000004,217049.6200000001,1900613.7299999967,1106611.3999999992,9299715.899999995,1011251.9600000009,593318.5499999996,76003.87000000008,19459442.639999997
2021-04-01,5508606.380000002,346864.81999999937,3380973.670000002,2411535.2300000004,7035079.749999998,807988.0800000001,717235.4700000002,172146.32999999978,20380429.729999997
2021-03-01,8709141.29,1033670.1100000013,6034906.13000001,4689398.309999999,7771367.709999991,2241391.6899999995,1253009.8600000003,537644.2999999997,32270529.400000002
2021-02-01,5317545.750000001,449316.5999999996,-161495.79000000656,1894529.3300000005,-78888.64000000001,1105629.3599999994,825975.2199999996,120306.8900000001,9472918.719999995
2021-01-01,5096934.43,125659.48999999999,3377189.2699999996,3330772.3600000003,622371.7100000018,388380.1299999999,200459.38999999996,191260.4999999999,13333027.280000001
